
/*!40101 SET @saved_cs_client     = @@character_set_client */;
/*!40101 SET character_set_client = utf8 */;

---- 基础国家区域表 ----
---- I18n table ----
truncate table I18n;

INSERT INTO I18n(localeID, language, country, isSet, isDefaultSet) 
     VALUES (1,'zh','CN',1,1),(2,'en','US',1,2);

---- CountryRegion ----
truncate table CountryRegion;

INSERT INTO CountryRegion(regionCode, localeID, country, name, parentCode, hotRegion) 
     VALUES ('0100',1,'CN','北京市',NULL,1),('0100',2,'US','Alabama',NULL,0),('0200',1,'CN','上海市',NULL,1),('0200',2,'US','Alaska',NULL,0),('0300',1,'CN','重庆市',NULL,1),('0300',2,'US','Arizona',NULL,0),('0400',1,'CN','天津市',NULL,1),('0400',2,'US','Arkansas',NULL,0),('0500',1,'CN','广东省',NULL,0),('0500',2,'US','Armed Forces Asia',NULL,0),('0501',1,'CN','广州市','0500',1),('0502',1,'CN','深圳市','0500',1),('0503',1,'CN','东莞市','0500',0),('0504',1,'CN','中山市','0500',0),('0505',1,'CN','佛山市','0500',0),('0506',1,'CN','珠海市','0500',0),('0507',1,'CN','惠州市','0500',0),('0508',1,'CN','汕头市','0500',0),('0509',1,'CN','湛江市','0500',0),('0510',1,'CN','潮州市','0500',0),('0511',1,'CN','潮阳市','0500',0),('0512',1,'CN','江门市','0500',0),('0513',1,'CN','汕尾市','0500',0),('0514',1,'CN','茂名市','0500',0),
			('0515',1,'CN','阳江市','0500',0),('0516',1,'CN','梅州市','0500',0),('0517',1,'CN','云浮市','0500',0),('0518',1,'CN','清远市','0500',0),('0519',1,'CN','韶关市','0500',0),('0520',1,'CN','河源市','0500',0),('0521',1,'CN','揭阳市','0500',0),('0522',1,'CN','其他','0500',0),('0600',1,'CN','江苏省',NULL,0),('0600',2,'US','Armed Forces Europe',NULL,0),('0601',1,'CN','南京市','0600',0),('0602',1,'CN','苏州市','0600',0),('0603',1,'CN','无锡市','0600',0),('0604',1,'CN','扬州市','0600',0),('0605',1,'CN','常州市','0600',0),('0606',1,'CN','镇江市','0600',0),('0607',1,'CN','南通市','0600',0),('0608',1,'CN','江阴市','0600',0),('0609',1,'CN','连云港市','0600',0),('0610',1,'CN','徐州市','0600',0),('0611',1,'CN','淮阴市','0600',0),('0612',1,'CN','宿迁市','0600',0),('0613',1,'CN','东台市','0600',0),('0614',1,'CN','泰州市','0600',0),
			('0615',1,'CN','仪征市','0600',0),('0616',1,'CN','丹阳市','0600',0),('0617',1,'CN','宜兴市','0600',0),('0618',1,'CN','常熟市','0600',0),('0619',1,'CN','淮安市','0600',0),('0620',1,'CN','兴化市','0600',0),('0621',1,'CN','姜堰市','0600',0),('0622',1,'CN','昆山市','0600',0),('0623',1,'CN','其他','0600',0),('0700',1,'CN','浙江省',NULL,0),('0700',2,'US','Armed Forces Pacific',NULL,0),('0701',1,'CN','杭州市','0700',0),('0702',1,'CN','宁波市','0700',0),('0703',1,'CN','温州市','0700',0),('0704',1,'CN','金华市','0700',0),('0705',1,'CN','义乌市','0700',0),('0706',1,'CN','绍兴市','0700',0),('0707',1,'CN','湖州市','0700',0),('0708',1,'CN','余姚市','0700',0),('0709',1,'CN','临海市','0700',0),('0710',1,'CN','萧山市','0700',0),('0711',1,'CN','临安市','0700',0),('0712',1,'CN','诸暨市','0700',0),('0713',1,'CN','嵊泗','0700',0),
			('0714',1,'CN','绍兴县','0700',0),('0715',1,'CN','兰溪县','0700',0),('0716',1,'CN','嘉兴市','0700',0),('0717',1,'CN','海宁市','0700',0),('0718',1,'CN','桐乡市','0700',0),('0719',1,'CN','衢州市','0700',0),('0720',1,'CN','上虞市','0700',0),('0721',1,'CN','嵊州市','0700',0),('0722',1,'CN','慈溪市','0700',0),('0723',1,'CN','丽水市','0700',0),('0724',1,'CN','瓯海','0700',0),('0725',1,'CN','黄岩','0700',0),('0726',1,'CN','椒江市','0700',0),('0727',1,'CN','台州市','0700',0),('0728',1,'CN','舟山市','0700',0),('0729',1,'CN','其他','0700',0),('0800',1,'CN','四川省',NULL,0),('0800',2,'US','California',NULL,0),('0801',1,'CN','成都市','0800',0),('0802',1,'CN','宜宾市','0800',0),('0803',1,'CN','泸州市','0800',0),('0804',1,'CN','内江市','0800',0),('0805',1,'CN','攀枝花市','0800',0),('0806',1,'CN','西昌市','0800',0),
			('0807',1,'CN','德阳市','0800',0),('0809',1,'CN','雅安市','0800',0),('0810',1,'CN','遂宁市','0800',0),('0811',1,'CN','南充市','0800',0),('0812',1,'CN','绵阳市','0800',0),('0813',1,'CN','广元市','0800',0),('0814',1,'CN','马尔康','0800',0),('0815',1,'CN','达县市','0800',0),('0816',1,'CN','华鉴市','0800',0),('0817',1,'CN','自贡市','0800',0),('0818',1,'CN','乐山市','0800',0),('0819',1,'CN','其他','0800',0),('0900',1,'CN','海南省',NULL,0),('0900',2,'US','Colorado',NULL,0),('0901',1,'CN','海口市','0900',0),('0902',1,'CN','三亚市','0900',0),('0903',1,'CN','琼海市','0900',0),('0904',1,'CN','通什市','0900',0),('0905',1,'CN','其他','0900',0),('1000',1,'CN','福建省',NULL,0),('1000',2,'US','Connecticut',NULL,0),('1001',1,'CN','福州市','1000',0),('1002',1,'CN','厦门市','1000',0),('1003',1,'CN','泉州市','1000',0),
			('1004',1,'CN','漳州市','1000',0),('1005',1,'CN','石狮市','1000',0),('1006',1,'CN','三明市','1000',0),('1007',1,'CN','南平市','1000',0),('1008',1,'CN','莆田市','1000',0),('1009',1,'CN','永安市','1000',0),('1010',1,'CN','邵武市','1000',0),('1011',1,'CN','龙岩市','1000',0),('1012',1,'CN','其他','1000',0),('1100',1,'CN','山东省',NULL,0),('1100',2,'US','Delaware',NULL,0),('1101',1,'CN','济南市','1100',0),('1102',1,'CN','青岛市','1100',0),('1103',1,'CN','烟台市','1100',0),('1104',1,'CN','淄博市','1100',0),('1105',1,'CN','潍坊市','1100',0),('1106',1,'CN','临沂市','1100',0),('1107',1,'CN','莱芜市','1100',0),('1108',1,'CN','济宁市','1100',0),('1109',1,'CN','荷泽市','1100',0),('1110',1,'CN','日照市','1100',0),('1111',1,'CN','滕州市','1100',0),('1112',1,'CN','聊城市','1100',0),('1113',1,'CN','德州市','1100',0),
			('1114',1,'CN','滨州市','1100',0),('1115',1,'CN','临清市','1100',0),('1116',1,'CN','青州市','1100',0),('1117',1,'CN','威海市','1100',0),('1118',1,'CN','泰安市','1100',0),('1119',1,'CN','新泰市','1100',0),('1120',1,'CN','曲阜市','1100',0),('1121',1,'CN','东营市','1100',0),('1122',1,'CN','诸城市','1100',0),('1123',1,'CN','枣庄市','1100',0),('1124',1,'CN','其他','1100',0),('1200',1,'CN','江西省',NULL,0),('1200',2,'US','District of Columbia',NULL,0),('1201',1,'CN','南昌市','1200',0),('1202',1,'CN','景德镇市','1200',0),('1203',1,'CN','九江市','1200',0),('1204',1,'CN','鹰潭市','1200',0),('1205',1,'CN','宜春市','1200',0),('1206',1,'CN','新余市','1200',0),('1207',1,'CN','萍乡市','1200',0),('1208',1,'CN','赣州市','1200',0),('1209',1,'CN','吉安市','1200',0),('1210',1,'CN','井冈山市','1200',0),('1211',1,'CN','抚州市','1200',0),
			('1212',1,'CN','临川市','1200',0),('1213',1,'CN','上饶市','1200',0),('1214',1,'CN','其他','1200',0),('1300',1,'CN','广西省',NULL,0),('1300',2,'US','Florida',NULL,0),('1301',1,'CN','南宁市','1300',0),('1302',1,'CN','桂林市','1300',0),('1303',1,'CN','北海市','1300',0),('1304',1,'CN','柳州市','1300',0),('1305',1,'CN','来宾市','1300',0),('1306',1,'CN','玉林市','1300',0),('1307',1,'CN','百色市','1300',0),('1308',1,'CN','河池市','1300',0),('1309',1,'CN','凭祥市','1300',0),('1310',1,'CN','钦州市','1300',0),('1311',1,'CN','梧州市','1300',0),('1312',1,'CN','合山市','1300',0),('1313',1,'CN','其他','1300',0),('1400',1,'CN','安徽省',NULL,0),('1400',2,'US','Georgia',NULL,0),('1401',1,'CN','合肥市','1400',0),('1402',1,'CN','芜湖市','1400',0),('1403',1,'CN','马鞍山市','1400',0),('1404',1,'CN','蚌埠市','1400',0),
			('1405',1,'CN','铜陵市','1400',0),('1406',1,'CN','淮北市','1400',0),('1407',1,'CN','淮南市','1400',0),('1408',1,'CN','亳州市','1400',0),('1409',1,'CN','巢湖市','1400',0),('1410',1,'CN','黄山市','1400',0),('1411',1,'CN','歙县','1400',0),('1412',1,'CN','宿州市','1400',0),('1413',1,'CN','阜阳市','1400',0),('1414',1,'CN','六安市','1400',0),('1415',1,'CN','滁州市','1400',0),('1416',1,'CN','宣州市','1400',0),('1417',1,'CN','安庆市','1400',0),('1418',1,'CN','其他','1400',0),('1500',1,'CN','河北省',NULL,0),('1500',2,'US','Hawaii',NULL,0),('1501',1,'CN','石家庄市','1500',0),('1502',1,'CN','邯郸市','1500',0),('1503',1,'CN','保定市','1500',0),('1504',1,'CN','张家口市','1500',0),('1505',1,'CN','秦皇岛市','1500',0),('1506',1,'CN','辛集市','1500',0),('1507',1,'CN','邢台市','1500',0),('1508',1,'CN','泊头市','1500',0),
			('1509',1,'CN','唐山市','1500',0),('1510',1,'CN','北戴河','1500',0),('1511',1,'CN','廊坊市','1500',0),('1512',1,'CN','定州市','1500',0),('1513',1,'CN','南宫市','1500',0),('1514',1,'CN','衡水市','1500',0),('1515',1,'CN','沙河市','1500',0),('1516',1,'CN','沧州市','1500',0),('1517',1,'CN','任丘市','1500',0),('1518',1,'CN','承德市','1500',0),('1519',1,'CN','涿州市','1500',0),('1520',1,'CN','其他','1500',0),('1600',1,'CN','河南省',NULL,0),('1600',2,'US','Idaho',NULL,0),('1601',1,'CN','郑州市','1600',0),('1602',1,'CN','洛阳市','1600',0),('1603',1,'CN','开封市','1600',0),('1604',1,'CN','鹤壁市','1600',0),('1605',1,'CN','焦作市','1600',0),('1606',1,'CN','许昌市','1600',0),('1607',1,'CN','驻马店市','1600',0),('1608',1,'CN','周口市','1600',0),('1609',1,'CN','新乡市','1600',0),('1610',1,'CN','安阳市','1600',0),
			('1611',1,'CN','濮阳市','1600',0),('1612',1,'CN','漯河市','1600',0),('1613',1,'CN','信阳市','1600',0),('1614',1,'CN','平顶山市','1600',0),('1615',1,'CN','三门峡市','1600',0),('1616',1,'CN','南阳市','1600',0),('1617',1,'CN','商丘市','1600',0),('1618',1,'CN','义马市','1600',0),('1619',1,'CN','其他','1600',0),('1700',1,'CN','湖北省',NULL,0),('1700',2,'US','Illinois',NULL,0),('1701',1,'CN','武汉市','1700',0),('1702',1,'CN','宜昌市','1700',0),('1703',1,'CN','孝感市','1700',0),('1704',1,'CN','荆州市','1700',0),('1705',1,'CN','襄樊市','1700',0),('1706',1,'CN','老河口市','1700',0),('1707',1,'CN','枝城市','1700',0),('1708',1,'CN','枣阳市','1700',0),('1709',1,'CN','荆门市','1700',0),('1710',1,'CN','宜城市','1700',0),('1711',1,'CN','黄石市','1700',0),('1712',1,'CN','鄂州市','1700',0),('1713',1,'CN','黄冈市','1700',0),
			('1714',1,'CN','咸宁市','1700',0),('1715',1,'CN','武穴市','1700',0),('1716',1,'CN','蒲昕市','1700',0),('1717',1,'CN','麻城市','1700',0),('1718',1,'CN','十堰市','1700',0),('1719',1,'CN','恩施市','1700',0),('1720',1,'CN','丹江口市','1700',0),('1721',1,'CN','利川市','1700',0),('1722',1,'CN','天门市','1700',0),('1723',1,'CN','汉川市','1700',0),('1724',1,'CN','洪湖市','1700',0),('1725',1,'CN','应城市','1700',0),('1726',1,'CN','潜江市','1700',0),('1727',1,'CN','安陆市','1700',0),('1728',1,'CN','仙桃市','1700',0),('1729',1,'CN','随州市','1700',0),('1730',1,'CN','石首市','1700',0),('1731',1,'CN','其他','1700',0),('1800',1,'CN','湖南省',NULL,0),('1800',2,'US','Indiana',NULL,0),('1801',1,'CN','长沙市','1800',0),('1802',1,'CN','湘潭市','1800',0),('1803',1,'CN','岳阳市','1800',0),('1804',1,'CN','株洲市','1800',0),
			('1805',1,'CN','张家界市','1800',0),('1806',1,'CN','衡阳市','1800',0),('1807',1,'CN','郴州市','1800',0),('1808',1,'CN','湘乡市','1800',0),('1809',1,'CN','汨罗市','1800',0),('1810',1,'CN','常德市','1800',0),('1811',1,'CN','津市市','1800',0),('1812',1,'CN','吉首市','1800',0),('1813',1,'CN','娄底市','1800',0),('1814',1,'CN','涟源市','1800',0),('1815',1,'CN','冷水江市','1800',0),('1816',1,'CN','怀化市','1800',0),('1817',1,'CN','洪江市','1800',0),('1818',1,'CN','益阳市','1800',0),('1819',1,'CN','耒阳市','1800',0),('1820',1,'CN','邵阳市','1800',0),('1821',1,'CN','永州市','1800',0),('1822',1,'CN','冷水滩市','1800',0),('1823',1,'CN','其他','1800',0),('1900',1,'CN','陕西省',NULL,0),('1900',2,'US','Iowa',NULL,0),('1901',1,'CN','西安市','1900',0),('1902',1,'CN','咸阳市','1900',0),('1903',1,'CN','宝鸡市','1900',0),
			('1904',1,'CN','铜川市','1900',0),('1905',1,'CN','渭南市','1900',0),('1906',1,'CN','延安市','1900',0),('1907',1,'CN','汉中市','1900',0),('1908',1,'CN','安康市','1900',0),('1909',1,'CN','韩城市','1900',0),('1910',1,'CN','其他','1900',0),('2000',1,'CN','山西省',NULL,0),('2000',2,'US','Kansas',NULL,0),('2001',1,'CN','太原市','2000',0),('2002',1,'CN','大同市','2000',0),('2003',1,'CN','忻州市','2000',0),('2004',1,'CN','临汾市','2000',0),('2005',1,'CN','运城市','2000',0),('2006',1,'CN','长治市','2000',0),('2007',1,'CN','榆次市','2000',0),('2008',1,'CN','侯马市','2000',0),('2009',1,'CN','阳泉市','2000',0),('2010',1,'CN','晋城市','2000',0),('2011',1,'CN','其他','2000',0),('2100',1,'CN','黑龙江省',NULL,0),('2100',2,'US','Kentucky',NULL,0),('2101',1,'CN','哈尔滨市','2100',0),('2102',1,'CN','佳木斯市','2100',0),
			('2103',1,'CN','牡丹江市','2100',0),('2104',1,'CN','大庆市','2100',0),('2105',1,'CN','齐齐哈尔市','2100',0),('2106',1,'CN','阿城市','2100',0),('2107',1,'CN','肇东市','2100',0),('2108',1,'CN','绥化市','2100',0),('2109',1,'CN','伊春市','2100',0),('2110',1,'CN','鹤岗市','2100',0),('2111',1,'CN','七台河市','2100',0),('2112',1,'CN','双鸭山市','2100',0),('2113',1,'CN','同江市','2100',0),('2114',1,'CN','绥汾河市','2100',0),('2115',1,'CN','鸡西市','2100',0),('2116',1,'CN','北安市','2100',0),('2117',1,'CN','黑河市','2100',0),('2118',1,'CN','五大连池市','2100',0),('2119',1,'CN','其他','2100',0),('2200',1,'CN','辽宁省',NULL,0),('2200',2,'US','Louisiana',NULL,0),('2201',1,'CN','沈阳市','2200',0),('2202',1,'CN','大连市','2200',0),('2203',1,'CN','铁岭市','2200',0),('2204',1,'CN','抚顺市','2200',0),('2205',1,'CN','本溪市','2200',0),
			('2206',1,'CN','营口市','2200',0),('2207',1,'CN','锦州市','2200',0),('2208',1,'CN','兴城市','2200',0),('2209',1,'CN','北票市','2200',0),('2210',1,'CN','盘锦市','2200',0),('2211',1,'CN','辽阳市','2200',0),('2212',1,'CN','铁法市','2200',0),('2213',1,'CN','鞍山市','2200',0),('2214',1,'CN','瓦房店市','2200',0),('2215',1,'CN','丹东市','2200',0),('2216',1,'CN','葫芦岛市','2200',0),('2217',1,'CN','朝阳市','2200',0),('2218',1,'CN','阜新市','2200',0),('2219',1,'CN','海城市','2200',0),('2220',1,'CN','其他','2200',0),('2300',1,'CN','吉林省',NULL,0),('2300',2,'US','Maine',NULL,0),('2301',1,'CN','长春市','2300',0),('2302',1,'CN','吉林市','2300',0),('2303',1,'CN','通化市','2300',0),('2304',1,'CN','扶余市','2300',0),('2305',1,'CN','桦甸市','2300',0),('2306',1,'CN','延吉市','2300',0),('2307',1,'CN','图门市','2300',0),
			('2308',1,'CN','龙井市','2300',0),('2309',1,'CN','敦化市','2300',0),('2310',1,'CN','集安市','2300',0),('2311',1,'CN','浑江市','2300',0),('2312',1,'CN','梅河口市','2300',0),('2313',1,'CN','四平市','2300',0),('2314',1,'CN','公主岭市','2300',0),('2315',1,'CN','辽源市','2300',0),('2316',1,'CN','白城市','2300',0),('2317',1,'CN','洮南市','2300',0),('2318',1,'CN','九台市','2300',0),('2319',1,'CN','其他','2300',0),('2400',1,'CN','云南省',NULL,0),('2400',2,'US','Maryland',NULL,0),('2401',1,'CN','昆明市','2400',0),('2402',1,'CN','曲靖市','2400',0),('2403',1,'CN','大理市','2400',0),('2404',1,'CN','玉溪市','2400',0),('2405',1,'CN','丽江市','2400',0),('2406',1,'CN','楚雄市','2400',0),('2407',1,'CN','开远市','2400',0),('2408',1,'CN','迪庆市','2400',0),('2409',1,'CN','东川市','2400',0),('2410',1,'CN','昭通市','2400',0),
			('2411',1,'CN','保山市','2400',0),('2412',1,'CN','文山市','2400',0),('2413',1,'CN','其他','2400',0),('2500',1,'CN','贵州省',NULL,0),('2500',2,'US','Massachusetts',NULL,0),('2501',1,'CN','贵阳市','2500',0),('2502',1,'CN','遵义市','2500',0),('2503',1,'CN','铜仁市','2500',0),('2504',1,'CN','都匀市','2500',0),('2505',1,'CN','兴义市','2500',0),('2506',1,'CN','赤水市','2500',0),('2507',1,'CN','六盘水市','2500',0),('2508',1,'CN','凯里市','2500',0),('2509',1,'CN','安顺市','2500',0),('2510',1,'CN','其他','2500',0),('2600',1,'CN','甘肃省',NULL,0),('2600',2,'US','Michigan',NULL,0),('2601',1,'CN','兰州市','2600',0),('2602',1,'CN','酒泉市','2600',0),('2603',1,'CN','张掖市','2600',0),('2604',1,'CN','临夏市','2600',0),('2605',1,'CN','嘉峪关市','2600',0),('2606',1,'CN','金昌市','2600',0),('2607',1,'CN','平凉市','2600',0),
			('2608',1,'CN','白银市','2600',0),('2609',1,'CN','武威市','2600',0),('2610',1,'CN','玉门市','2600',0),('2611',1,'CN','天水市','2600',0),('2612',1,'CN','西峰市','2600',0),('2613',1,'CN','其他','2600',0),('2700',1,'CN','内蒙古',NULL,0),('2700',2,'US','Minnesota',NULL,0),('2701',1,'CN','呼和浩特市','2700',0),('2702',1,'CN','赤峰市','2700',0),('2703',1,'CN','包头市','2700',0),('2704',1,'CN','二连浩特市','2700',0),('2705',1,'CN','临河市','2700',0),('2706',1,'CN','东胜市','2700',0),('2707',1,'CN','满洲里市','2700',0),('2708',1,'CN','乌兰浩特市','2700',0),('2709',1,'CN','霍林郭勒市','2700',0),('2710',1,'CN','集宁市','2700',0),('2711',1,'CN','乌海市','2700',0),('2712',1,'CN','海拉尔市','2700',0),('2713',1,'CN','牙克石市','2700',0),('2714',1,'CN','锡林浩特市','2700',0),('2715',1,'CN','通辽市','2700',0),('2716',1,'CN','扎兰屯市','2700',0),
			('2717',1,'CN','鄂尔多斯市','2700',0),('2718',1,'CN','其他','2700',0),('2800',1,'CN','宁夏',NULL,0),('2800',2,'US','Mississippi',NULL,0),('2801',1,'CN','银川市','2800',0),('2802',1,'CN','青铜峡市','2800',0),('2803',1,'CN','吴忠市','2800',0),('2804',1,'CN','石嘴山市','2800',0),('2805',1,'CN','其他','2800',0),('2900',1,'CN','西藏',NULL,0),('2900',2,'US','Missouri',NULL,0),('2901',1,'CN','拉萨市','2900',0),('2902',1,'CN','日喀则市','2900',0),('2903',1,'CN','其他','2900',0),('3000',1,'CN','新疆',NULL,0),('3000',2,'US','Montana',NULL,0),('3001',1,'CN','乌鲁木齐市','3000',0),('3002',1,'CN','石河子市','3000',0),('3003',1,'CN','克拉玛依市','3000',0),('3004',1,'CN','博乐市','3000',0),('3005',1,'CN','塔城市','3000',0),('3006',1,'CN','阿勒泰市','3000',0),('3007',1,'CN','哈密市','3000',0),('3008',1,'CN','阿克苏市','3000',0),
			('3009',1,'CN','阿图什市','3000',0),('3010',1,'CN','昌吉市','3000',0),('3011',1,'CN','奎屯市','3000',0),('3012',1,'CN','伊宁市','3000',0),('3013',1,'CN','吐鲁番市','3000',0),('3014',1,'CN','库尔勒市','3000',0),('3015',1,'CN','喀什市','3000',0),('3016',1,'CN','和田市','3000',0),('3017',1,'CN','其他','3000',0),('3100',1,'CN','青海省',NULL,0),('3100',2,'US','Nebraska',NULL,0),('3101',1,'CN','西宁市','3100',0),('3102',1,'CN','格尔木市','3100',0),('3103',1,'CN','共和市','3100',0),('3104',1,'CN','德令哈市','3100',0),('3105',1,'CN','其他','3100',0),('3200',1,'CN','香港',NULL,0),('3200',2,'US','Nevada',NULL,0),('3300',1,'CN','澳门',NULL,0),('3300',2,'US','New Hampshire',NULL,0),('3400',1,'CN','台湾',NULL,0),('3400',2,'US','New Jersey',NULL,0),('3401',1,'CN','台北','3400',0),('3402',1,'CN','高雄','3400',0),
			('3403',1,'CN','台中','3400',0),('3404',1,'CN','台南','3400',0),('3405',1,'CN','屏东','3400',0),('3406',1,'CN','南投','3400',0),('3407',1,'CN','云林','3400',0),('3408',1,'CN','新竹','3400',0),('3409',1,'CN','彰化','3400',0),('3410',1,'CN','苗栗','3400',0),('3411',1,'CN','嘉义','3400',0),('3412',1,'CN','花莲','3400',0),('3413',1,'CN','桃园','3400',0),('3414',1,'CN','宜兰','3400',0),('3415',1,'CN','基隆','3400',0),('3416',1,'CN','台东','3400',0),('3417',1,'CN','金门','3400',0),('3418',1,'CN','马祖','3400',0),('3419',1,'CN','澎湖','3400',0),('3500',2,'US','New Mexico',NULL,0),('3600',2,'US','New York',NULL,1),('3700',2,'US','North Carolina',NULL,0),('3800',2,'US','North Dakota',NULL,0),('3900',2,'US','Ohio',NULL,0),('4000',2,'US','Oklahoma',NULL,0),('4100',2,'US','Oregon',NULL,0),
			('4200',2,'US','Pennsylvania',NULL,0),('4300',2,'US','Rhode Island',NULL,0),('4400',2,'US','South Carolina',NULL,0),('4500',2,'US','South Dakota',NULL,0),('4600',2,'US','Tennessee',NULL,0),('4700',2,'US','Texas',NULL,0),('4800',2,'US','Utah',NULL,0),('4900',2,'US','Vermont',NULL,0),('5000',2,'US','Virginia',NULL,0),('5100',2,'US','Washington',NULL,0),('5200',2,'US','West Virginia',NULL,0),('5300',2,'US','Wisconsin',NULL,0),('5400',2,'US','Wyoming',NULL,0);


---- emailTemplate ----
truncate table emailTemplate;

INSERT INTO emailTemplate(id, templateName, recipient, fromwho, replyTo, subject, locale, syscode, content, lasttime) 
     VALUES (1,'User_welcomeNewUser_selfRegister',NULL,'noreply','service.tomylearn@gmail.com','欢迎加入ToMylearn','zh_CN','00000002','您好:\n<p>\n&nbsp;&nbsp;&nbsp; 欢迎您加入 tomylearn.com, 您的系统登录名为: %loginname% <p>\n<p><p>                                                 \n ToMylearn 公司<p>\n (温馨提示：此邮件由系统发送，请勿直接回复)',NOW()),
	        (2,'User_welcomeNewUser_selfRegister',NULL,'noreply','service.tomylearn@gmail.com','Welcome Join ToMylearn','en_US','00000002','Hello:\n<p>\n&nbsp;&nbsp;&nbsp; Welcome to join tomylearn.com, Your login name is: %loginname% <p>\n<p><p> \n ToMylearn Company<p>\n (Please don\'t reply to this mail directly, it was sent by website system)',NOW()),
			(3,'User_welcomeNewUser_adminAdd',NULL,'noreply','service.tomylearn@gmail.com','欢迎加入ToMylearn','zh_CN','00000002','您好:\n<p>\n&nbsp;&nbsp;&nbsp; 欢迎您加入 tomylearn.com, 您的系统管理员已替你建立帐号, 请在30天内点击以下链接来激活您的帐号。<p>\n <a href=\"%activeLink%\">激活账户</a> <p>\n&nbsp;&nbsp;&nbsp; 如果您无法看到或者无法点击上方的链接，请复制以下链接到浏览器里直接打开 <br/>\n %activeLink%\n<p><p>\n ToMylearn 公司 <p>\n (温馨提示：此邮件由系统发送，请勿直接回复)',NOW()),
			(4,'User_welcomeNewUser_adminAdd',NULL,'noreply','service.tomylearn@gmail.com','Welcome Join ToMylearn','en_US','00000002','Hello:\n<p>\n&nbsp;&nbsp;&nbsp; Welcome to join tomylearn.com, Your company system administrator already create this account for you, Please click below link to activate you account in 30 days. <p>\n <a href=\"%activeLink%\">%activeLink%</a> <p>\n&nbsp;&nbsp;&nbsp; If you cannot view above link or cannot click it, please paste below link into your browser to open it <br/>\n %activeLink%\n<p><p>\n ToMylearn Company <p>\n (Please don\'t reply to this mail directly, it was sent by website system)',NOW()),
			(5,'User_resetPassword',NULL,'noreply','service.tomylearn@gmail.com','请重置您的密码','zh_CN','00000002','您好:\n<p>\n&nbsp;&nbsp;&nbsp; 您已申请修改登录密码，请在30天内点击以下链接来修改您的密码。<p>\n <a href=\"%activeLink%\">重置密码</a> <p>\n&nbsp;&nbsp;&nbsp; 如果您无法看到或者无法点击上方的链接，请复制以下链接到浏览器里直接打开 <br/>\n %activeLink%\n<p><p>\n ToMylearn 公司 <p>\n (温馨提示：此邮件由系统发送，请勿直接回复)',NOW()),
			(6,'User_resetPassword',NULL,'noreply','service.tomylearn@gmail.com','Please click to reset password','en_US','00000002','Hello:\n<p>\n&nbsp;&nbsp;&nbsp; You have requested to reset password, please click below link to reset password in 30 days. <p>\n <a href=\"%activeLink%\">Reset Password</a> <p>\n&nbsp;&nbsp;&nbsp; If you cannot view above link or cannot click it, please paste below link into your browser to open it <br/>\n %activeLink%\n<p><p>\n ToMylearn Company <p>\n (Please don\'t reply to this mail directly, it was sent by website system)',NOW());


---- SysConst SysConstVal SysConstItem SysConstItemVal ----
SET FOREIGN_KEY_CHECKS=0;
truncate table SysConstItemVal;
truncate table SysConstItem;
truncate table SysConstVal;
truncate table SysConst;
SET FOREIGN_KEY_CHECKS=1;

INSERT INTO SysConst(sysConstID, sysConstCode, syscode, getValueWay, valueWay) 
             VALUES (3,'Sysconst.Gender','00000001',1,NULL),(4,'Const.Common.getValueWay','00000001',2,'commonTool.constant.SysconstConstant#getGetValueWayLists'),(5,'common.const.defaultType','00000001',1,NULL),(8,'UserProduct.status','00000002',1,NULL),(9,'common.const.commonstatus','00000001',1,NULL),(12,'Question.QuesType','00000002',2,'netTest.wareques.constant.QuestionConstant#getQuesTypeList'),(13,'Question.Status','00000002',1,NULL),(14,'netTest.paper.paperType','00000002',1,NULL),(15,'Question.Difficult','00000002',2,'netTest.wareques.constant.QuestionConstant#getDifficultList'),(16,'netTest.TestinfoConstant.Teststatus','00000002',2,'netTest.exam.constant.TestinfoConstant#getTeststatusList'),(17,'netTest.PaperConstant.geneType','00000002',1,NULL),(18,'netTest.TestinfoConstant.testcanstop','00000002',1,NULL),(20,'netTest.TestinfoConstant.Qrytesttype','00000002',1,NULL),(21,'netTest.TestuserConstant.status','00000002',1,NULL),(22,'common.resources.rescType','00000001',1,NULL),(23,'common.Roles.isdefaultset','00000001',1,NULL),(24,'netTest.Learncontent.contenttype','00000002',1,NULL),(25,'common.uploadFile.way','00000001',1,NULL),(26,'common.const.yesnoType','00000001',1,NULL),(33,'Common.PayTypeConstant.PayType','00000001',1,NULL),(34,'netTest.ProductConstant.IsNeedApprove','00000002',1,NULL),(35,'netTest.TestinfoConstant.OpenType','00000002',1,NULL),(36,'netTest.TestinfoConstant.Teststatusshow','00000002',2,'netTest.exam.constant.TestinfoConstant#getTeststatusshowList'),(41,'ShopConstant.ShopStatus','00000001',1,NULL),(42,'UsershopConstant.UserShopStatus','00000001',1,NULL),(43,'netTest.CustOrder.OrderStatus','00000002',1,NULL),(44,'netTest.ProductConstant.Isopen','00000002',1,NULL),(45,'netTest.ExerUser.Status','00000002',1,NULL),(46,'CountryregionConstant.RegionCode','00000001',2,'commonTool.constant.CountryregionConstant#getRegionList'),
			        (47,'common.bizArea','00000001',1,NULL),(48,'platform.ShopConstant.UserNumScale','00000001',1,NULL),(49,'platform.ShopappConstant.AppStatus','00000001',1,NULL),(50,'platform.ShopConstant.OwnerType','00000001',1,NULL),(51,'platform.ShopConstant.IsAuthen','00000001',1,NULL),(52,'platform.ShopConstant.OpenType','00000001',1,NULL),(53,'netTest.TestinfoConstant.ViewResultType','00000002',1,NULL),(54,'platform.CustomerConstant.UserStatus','00000001',2,'platform.constant.CustomerConstant#getCustomerStatusLabels'),(55,'netTest.LearncontentConstant.IsTry','00000002',1,NULL),(56,'netTest.UserProduct.statusrank','00000002',1,NULL),(58,'netTest.UserproductConstant.ProdUseType','00000002',1,NULL),(59,'netTest.TestinfoConstant.Control.TestStatus','00000002',2,'netTest.exam.constant.TestinfoConstant#getControlStatusList'),(60,'netTest.PaperConstant.PaperPhase','00000002',1,NULL),(61,'netTest.TestuserConstant.IsQualify','00000002',1,NULL),(62,'Platform.SybsystemList','00000001',2,'commonTool.constant.CommonConstant#getAllSubsystemLists'),(63,'platform.Useraccountsetting.Shopcreateable','00000001',1,NULL),(66,'netTest.ShopFunction.OrderAutoApprove','00000002',1,NULL),(67,'Usernotification.IsRead','00000001',1,NULL),(68,'platform.ShopConstant.ChargeType','00000001',1,NULL),(69,'platform.ShopConstant.ApplyAuthenStatus','00000001',1,NULL),(70,'platform.ShopConstant.AuthenIDType','00000001',1,NULL),(71,'CustomerConstant.StageStatus','00000001',1,NULL),(72,'netTest.GoodProduct.Scope','00000002',1,NULL),(73,'netTest.ProductConstant.status','00000002',1,NULL),(74,'OpenActivity.Status','00000002',1,NULL),(75,'OpenActivity.JoinType','00000002',1,NULL),(76,'OpenActivity.JoinStatus','00000002',1,NULL),(77,'OpenActivityMember.JoinStatus','00000002',1,NULL);


INSERT INTO SysConstVal(constValueID, sysConstID, localeID, name) 
                VALUES (3,3,1,'性别'),(4,4,1,'静态数据取值方式'),(5,5,1,'默认类型'),(6,3,5,'Gender'),(9,8,1,'用户课程状态'),(10,8,5,'User Course Status'),(11,9,1,'一般通用状态'),(14,12,1,'题目类型'),(15,13,1,'题目状态'),(16,14,1,'试卷类型'),(17,15,1,'题目难度'),(18,16,1,'考试状态'),(19,17,1,'试卷生成方式'),(20,18,1,'考生在考试中可否暂停'),(22,20,1,'查看考试类型'),(23,21,1,'考生考试状态'),(24,22,1,'Resource资源类型'),(25,23,1,'角色类型'),(26,24,1,'学习资料类型'),(27,25,1,'学习资料来源'),(28,26,1,'通用是否选择'),(35,33,1,'付费使用方式'),(36,34,1,'购买是否要审批'),(37,35,1,'考试开放类型'),(38,36,1,'显示的考试状态'),(43,41,1,'公司状态'),(44,42,1,'用户在公司中状态'),(45,43,1,'订单状态'),(46,44,1,'课程是否开放'),(47,45,1,'用户练习状态'),(48,46,1,'所在区域'),(49,47,1,'行业列表'),(50,48,1,'公司人数规模'),(51,49,1,'公司申请状态'),(52,50,1,'公司雇主类型'),(53,51,1,'公司认证状态'),(54,52,1,'公司开放类型'),(55,53,1,'查看考试结果类型'),(56,54,1,'用户状态'),(57,54,5,'User Status'),(58,55,1,'是否为试用学习资料'),(59,56,1,'用户课程使用子分类'),(61,58,1,'课程使用类型'),(62,59,1,'控制考试状态命令'),(63,59,5,'Control TestStatus Command'),(64,60,1,'试卷生成阶段'),(65,61,1,'考试是否及格'),(66,62,1,'子系统列表'),(67,62,5,'Sub System List'),(68,63,1,'创建公司限制'),(71,66,1,'订单审批功能'),(72,67,1,'消息是否阅读'),(73,68,1,'公司收费类型'),(74,69,1,'公司申请认证状态'),(75,70,1,'公司申请认证证件类型'),(76,71,1,'用户子状态'),(77,51,5,'Company Certificate Status'),(78,69,5,'Company Apply Certification Status'),(79,4,5,'Static Data Value Type'),(80,5,5,'Defult Type'),(81,9,5,'General Status'),(82,22,5,'Resource Type'),(83,23,5,'Role Type'),(84,25,5,'Learn File Source'),(85,26,5,'General Yes Or No'),(86,41,5,'Company Status'),(87,42,5,'User Status In Compay'),(88,46,5,'Region'),(89,47,5,'Company Category'),(90,48,5,'Company Employee Scale'),(91,49,5,'Company Apply Status'),
				       (92,52,5,'Company Open Type'),(93,63,5,'Create Company Limit'),(94,67,5,'Read Message'),(95,68,5,'Charge Company Type'),(96,70,5,'Apply Certification Type'),(97,71,5,'User Stage Status'),(98,12,5,'Question Type'),(99,13,5,'Question Status'),(100,14,5,'Paper Type'),(101,15,5,'Question Difficult'),(102,16,5,'Test Status'),(103,17,5,'Paper Generate Type'),(104,18,5,'Pause Testing Ability'),(105,20,5,'View Test Level'),(106,21,5,'User Test Status'),(107,24,5,'Learn File Type'),(108,34,5,'Need Approve Course Order'),(109,35,5,'Test Open Type'),(110,36,5,'Showing Test Status'),(111,43,5,'Order Status'),(112,44,5,'Open Course Type'),(113,45,5,'User Exercise Status'),(114,53,5,'How Testee View Test Result'),(115,55,5,'FreeTrial Learn File Type'),(116,56,5,'User Course Sub Status'),(117,58,5,'Learn Or Manage Course'),(118,60,5,'Paper Generate Stage'),(119,61,5,'Pass Test Or Not'),(120,66,5,'How To Approve Order'),(121,33,5,'Payment Type'),(122,50,5,'Company Employer Type'),(123,72,1,'课程推荐范围'),(124,72,5,'Course Recommand Scope'),(125,73,1,'产品状态'),(126,73,5,'Product Status'),(127,74,1,'公开活动状态'),(128,74,2,'Open Activity Status'),(129,75,1,'公开活动加入方式'),(130,75,2,'Open Activity JoinType'),(131,76,1,'公开活动能否参加'),(132,76,2,'Open Activity Join Status'),(133,77,1,'公开活动人员状态'),(134,77,2,'User Status In Activity');


INSERT INTO SysConstItem(itemID, sysConstCode, value, orderNO, param1, param2) 
                 VALUES (7,'Sysconst.Gender','1',1,'1','1'),(8,'Sysconst.Gender','2',1,'1',''),(9,'common.const.defaultType','1',1,'',''),(10,'common.const.defaultType','2',2,'',''),(15,'UserProduct.status','1',1,'',''),(16,'UserProduct.status','2',2,'',''),(17,'common.const.commonstatus','1',1,'1',''),(18,'common.const.commonstatus','2',2,'1',''),(23,'Question.Status','1',1,'',''),(24,'Question.Status','2',2,'',''),(25,'netTest.paper.paperType','2',1,'type2',''),(27,'netTest.paper.paperType','3',3,'type2',''),(28,'netTest.paper.paperType','4',4,'type3',''),(29,'netTest.PaperConstant.geneType','1',1,'',''),(30,'netTest.PaperConstant.geneType','2',2,'',''),(31,'netTest.TestinfoConstant.testcanstop','2',1,'',''),(32,'netTest.TestinfoConstant.testcanstop','1',2,'',''),(33,'netTest.TestinfoConstant.Qrytesttype','1',1,'',''),(34,'netTest.TestinfoConstant.Qrytesttype','2',2,'',''),(35,'netTest.TestuserConstant.status','1',1,'',''),(36,'netTest.TestuserConstant.status','3',2,'',''),(38,'netTest.TestuserConstant.status','7',4,'',''),(39,'common.resources.rescType','URL',NULL,'',''),(41,'common.resources.rescType','TAG',NULL,'',''),(42,'common.resources.rescType','MENU',NULL,'',''),(43,'common.Roles.isdefaultset','0',1,'',''),(44,'common.Roles.isdefaultset','1',2,'',''),(45,'netTest.Learncontent.contenttype','1',1,'',''),(46,'netTest.Learncontent.contenttype','2',5,'',''),(47,'netTest.Learncontent.contenttype','3',6,'',''),(48,'netTest.Learncontent.contenttype','4',7,'',''),(49,'netTest.Learncontent.contenttype','5',8,'',''),(50,'netTest.Learncontent.contenttype','6',2,'',''),(51,'netTest.Learncontent.contenttype','7',3,'',''),(52,'netTest.Learncontent.contenttype','8',4,'',''),(53,'common.uploadFile.way','1',1,'',''),(54,'common.uploadFile.way','2',3,'1',''),(55,'common.const.yesnoType','1',1,'',''),
				        (56,'common.const.yesnoType','2',2,'',''),(63,'Platform.PayTypeConstant.PayType','1',1,'',''),(64,'Platform.PayTypeConstant.PayType','3',2,'',''),(65,'Platform.PayTypeConstant.PayType','2',3,'',''),(66,'Platform.PayTypeConstant.PayType','7',4,'',''),(67,'netTest.ProductConstant.IsNeedApprove','1',1,'',''),(68,'netTest.ProductConstant.IsNeedApprove','2',2,'',''),(69,'netTest.TestinfoConstant.OpenType','1',1,'',''),(71,'netTest.TestinfoConstant.OpenType','2',2,'',''),(75,'Platform.PayTypeConstant.PayType','0',0,'',''),(84,'ShopConstant.ShopStatus','7',2,'',''),(85,'ShopConstant.ShopStatus','10',3,'',''),(86,'ShopConstant.ShopStatus','13',4,'',''),(87,'ShopConstant.ShopStatus','16',5,'',''),(88,'UsershopConstant.UserShopStatus','1',1,'',''),(89,'UsershopConstant.UserShopStatus','4',2,'',''),(90,'UsershopConstant.UserShopStatus','7',3,'',''),(91,'UsershopConstant.UserShopStatus','10',4,'',''),(92,'UsershopConstant.UserShopStatus','13',5,'',''),(93,'UsershopConstant.UserShopStatus','16',6,'',''),(94,'UsershopConstant.UserShopStatus','19',7,'',''),(95,'Common.PayTypeConstant.PayType','0',1,'',''),(96,'Common.PayTypeConstant.PayType','1',2,'',''),(97,'Common.PayTypeConstant.PayType','2',3,'',''),(98,'Common.PayTypeConstant.PayType','3',4,'',''),(99,'Common.PayTypeConstant.PayType','7',5,'',''),(100,'netTest.CustOrder.OrderStatus','1',1,'',''),(101,'netTest.CustOrder.OrderStatus','7',2,'',''),(102,'netTest.CustOrder.OrderStatus','10',3,'',''),(103,'netTest.ProductConstant.Isopen','1',1,'',''),(104,'netTest.ProductConstant.Isopen','2',2,'',''),(105,'netTest.ExerUser.Status','3',2,'',''),(106,'netTest.ExerUser.Status','7',3,'',''),(107,'common.bizArea','1',1,'',''),(108,'common.bizArea','2',2,'',''),(109,'common.bizArea','3',3,'',''),(110,'common.bizArea','4',4,'',''),(111,'common.bizArea','5',5,'',''),
						(112,'common.bizArea','6',6,'',''),(113,'common.bizArea','7',7,'',''),(114,'common.bizArea','8',8,'',''),(115,'common.bizArea','9',9,'',''),(116,'common.bizArea','10',10,'',''),(117,'common.bizArea','11',11,'',''),(118,'common.bizArea','999',999,'',''),(119,'platform.ShopConstant.UserNumScale','1,10',1,'',''),(120,'platform.ShopConstant.UserNumScale','10,50',2,'',''),(121,'platform.ShopConstant.UserNumScale','50,200',3,'',''),(122,'platform.ShopConstant.UserNumScale','200,500',4,'',''),(123,'platform.ShopConstant.UserNumScale','500,',5,'',''),(124,'platform.ShopappConstant.AppStatus','4',1,'',''),(125,'platform.ShopappConstant.AppStatus','7',2,'',''),(126,'platform.ShopappConstant.AppStatus','10',3,'',''),(129,'platform.ShopConstant.OwnerType','1',1,'',''),(130,'platform.ShopConstant.OwnerType','2',2,'register',''),(133,'platform.ShopConstant.OwnerType','3',3,'register',''),(134,'platform.ShopConstant.OwnerType','5',5,'register',''),(135,'platform.ShopConstant.OwnerType','4',4,'register',''),(136,'platform.ShopConstant.IsAuthen','1',2,'',''),(137,'platform.ShopConstant.IsAuthen','0',1,'',''),(138,'platform.ShopConstant.OwnerType','-1',999,'register',''),(139,'platform.ShopConstant.OpenType','1',1,'',''),(140,'platform.ShopConstant.OpenType','2',2,'',''),(141,'netTest.TestinfoConstant.ViewResultType','1',1,'',''),(142,'netTest.TestinfoConstant.ViewResultType','2',2,'',''),(143,'netTest.TestinfoConstant.ViewResultType','3',3,'',''),(144,'netTest.LearncontentConstant.IsTry','1',1,'',''),(145,'netTest.LearncontentConstant.IsTry','2',2,'',''),(146,'netTest.UserProduct.statusrank','1',1,'',''),(147,'netTest.UserProduct.statusrank','2',2,'',''),(148,'netTest.UserProduct.statusrank','6',3,'',''),(149,'netTest.UserproductConstant.ProdUseType','2',1,'',''),(150,'netTest.UserproductConstant.ProdUseType','3',2,'',''),
						(151,'netTest.PaperConstant.PaperPhase','1',1,'',''),(152,'netTest.PaperConstant.PaperPhase','3',2,'',''),(153,'netTest.PaperConstant.PaperPhase','5',3,'',''),(154,'common.const.commonstatus','4',3,'',''),(155,'netTest.ExerUser.Status','1',1,'',''),(156,'netTest.TestuserConstant.IsQualify','1',1,'',''),(157,'netTest.TestuserConstant.IsQualify','0',2,'',''),(158,'common.uploadFile.way','7',4,'1',''),(159,'platform.Useraccountsetting.Shopcreateable','1',1,'',''),(160,'platform.Useraccountsetting.Shopcreateable','2',2,'',''),(161,'platform.Useraccountsetting.Shopcreateable','0',3,'',''),(162,'netTest.ShopFunction.OrderAutoApprove','0',1,'',''),(163,'netTest.ShopFunction.OrderAutoApprove','1',2,'',''),(164,'Usernotification.IsRead','1',1,'',''),(165,'Usernotification.IsRead','2',2,'',''),(166,'platform.ShopConstant.ChargeType','1',1,'',''),(167,'platform.ShopConstant.ChargeType','2',2,'',''),(168,'platform.ShopConstant.ApplyAuthenStatus','1',1,'',''),(169,'platform.ShopConstant.ApplyAuthenStatus','2',2,'dropdown',''),(170,'platform.ShopConstant.ApplyAuthenStatus','3',3,'dropdown',''),(171,'platform.ShopConstant.AuthenIDType','1',1,'',''),(172,'platform.ShopConstant.AuthenIDType','2',2,'',''),(173,'common.uploadFile.way','5',5,'1',''),(174,'CustomerConstant.StageStatus','1',1,'',''),(175,'CustomerConstant.StageStatus','3',2,'',''),(176,'common.uploadFile.way','6',6,'1',''),(177,'common.uploadFile.way','3',2,'1','2'),(178,'netTest.GoodProduct.Scope','1',1,'',''),(179,'netTest.GoodProduct.Scope','2',2,'',''),(180,'netTest.Learncontent.contenttype','0',9,'',''),(181,'netTest.ProductConstant.status','0',1,'1',''),(182,'netTest.ProductConstant.status','1',2,'1',''),(183,'netTest.ProductConstant.status','2',3,'1',''),(184,'netTest.ProductConstant.status','4',4,'2',''),
						(185,'OpenActivity.Status','1',1,'',''),(186,'OpenActivity.Status','2',2,'',''),(187,'OpenActivity.JoinType','1',1,'',''),(188,'OpenActivity.JoinType','2',2,'',''),(189,'OpenActivity.JoinStatus','1',1,'',''),(190,'OpenActivity.JoinStatus','2',2,'',''),(191,'OpenActivityMember.JoinStatus','1',1,'',''),(192,'OpenActivityMember.JoinStatus','2',2,'Attended','');
				 
						
INSERT INTO SysConstItemVal(itemValueID, itemID, localeID, labelName, value) 
                    VALUES (10,7,1,'男',NULL),(11,8,1,'女',NULL),(12,9,1,'默认',NULL),(13,10,1,'非默认',NULL),(15,8,5,'female',NULL),(22,15,1,'有效',NULL),(23,16,1,'失效',NULL),(24,15,5,'valid',NULL),(25,16,5,'invalid',NULL),(26,17,1,'有效',NULL),(27,17,5,'valid',NULL),(28,18,1,'失效',NULL),(29,18,5,'invalid',NULL),(34,23,1,'有效',NULL),(35,24,1,'失效',NULL),(37,23,5,'valid',NULL),(38,24,5,'invalid',NULL),(39,25,1,'练习',NULL),(41,27,1,'考试试卷',NULL),(42,28,1,'个人试卷',NULL),(43,29,1,'固定试题的试卷',NULL),(44,30,1,'动态生成的试卷',NULL),(45,29,5,'Pre Created Paper',NULL),(46,30,5,'Dynamic Creating Paper',NULL),(47,31,1,'不可以暂停',NULL),(48,32,1,'可以暂停',NULL),(49,31,5,'No Pausing Testing',NULL),(50,32,5,'Allow Suspand Testing',NULL),(51,33,1,'本单位考试',NULL),(52,34,1,'下级单位考试',NULL),(53,35,1,'未开始考试',NULL),(54,36,1,'正在考试',NULL),(56,38,1,'完成考试',NULL),(57,39,1,'URL',NULL),(59,41,1,'TAG',NULL),(60,42,1,'MENU',NULL),(61,43,1,'系统默认角色',NULL),(62,44,1,'自定义角色',NULL),(63,45,1,'网页资料',NULL),(64,46,1,'pdf文档',NULL),(65,47,1,'word文档',NULL),(66,48,1,'powerpoint幻灯片',NULL),(67,49,1,'excel文档',NULL),(68,50,1,'视频资料',NULL),(69,51,1,'音频资料',NULL),(70,52,1,'flash课件(swf)',NULL),(71,53,1,'从本机上传',NULL),(72,54,1,'外部源文件链接',NULL),(73,55,1,'是',NULL),(74,56,1,'否',NULL),(75,55,5,'yes',NULL),(76,56,5,'no',NULL),(89,63,1,'付费后无限制使用',NULL),(90,64,1,'按天付费',NULL),(91,65,1,'按月付费',NULL),(92,66,1,'付费后使用固定次数',NULL),(93,63,5,'no restrict to use when paid',NULL),(94,64,5,'charge on day',NULL),(95,65,5,'charge on month',NULL),(96,66,5,'charge on some use times',NULL),(97,67,1,'需要培训公司审批',NULL),(98,68,1,'订购后即可学习',NULL),(99,68,5,'After Ordered, Can Learn',NULL),(100,67,5,'Need Approve To Learn',NULL),(101,69,1,'本课程所有学员可参加',NULL),
					       (103,71,1,'选取指定考生参加',NULL),(104,69,5,'This Course Student Can Join',NULL),(106,71,5,'Select Some Student To Join',NULL),(113,75,1,'免费使用',NULL),(114,75,5,'free use',NULL),(130,84,1,'正常',NULL),(131,85,1,'暂停营业',NULL),(132,86,1,'欠费',NULL),(133,87,1,'封存',NULL),(135,84,5,'Active',NULL),(136,85,5,'Suspend',NULL),(137,86,5,'In Debt',NULL),(138,87,5,'Cannot use, Sealed',NULL),(139,88,1,'申请加入',NULL),(140,89,1,'正常',NULL),(141,90,1,'即将欠费',NULL),(142,91,1,'欠费',NULL),(143,92,1,'暂停使用',NULL),(144,93,1,'封存禁用',NULL),(145,94,1,'已退出',NULL),(146,88,5,'Apply Join',NULL),(147,89,5,'Active',NULL),(148,90,5,'Due to in debt',NULL),(149,91,5,'In Debt',NULL),(150,92,5,'Suspend',NULL),(151,93,5,'Cannot Use, Sealed',NULL),(152,94,5,'Not In Shop',NULL),(153,95,1,'免费使用',NULL),(154,96,1,'一次付费后自由使用',NULL),(155,97,1,'按月使用付费',NULL),(156,98,1,'按天使用付费',NULL),(157,99,1,'付费后使用固定的次数',NULL),(158,95,5,'Free Use',NULL),(159,96,5,'After Paid, Free Use',NULL),(160,97,5,'Paid For Month',NULL),(161,98,5,'Paid for Days',NULL),(162,99,5,'Paid For Limited Use Times',NULL),(163,100,1,'已生成，待审批',NULL),(164,101,1,'订单审批通过',NULL),(165,102,1,'订单审批否决',NULL),(166,100,5,'Generated, ToBe Approve',NULL),(167,101,5,'Order Approved',NULL),(168,102,5,'Order Rejected',NULL),(169,103,1,'可以在网站首页查询到',NULL),(170,104,1,'公司内部自用课程',NULL),(171,103,5,'Seachable In Query Page',NULL),(172,104,5,'Company Internal Used',NULL),(173,105,1,'正在答题',NULL),(174,106,1,'完成练习',NULL),(175,105,5,'Doing Exercise',NULL),(176,106,5,'Completed',NULL),(177,107,1,'教育/培训/院校',NULL),(178,108,1,'计算机/互联网/通信/电子',NULL),(179,109,1,'会计/金融/银行/保险',NULL),(180,110,1,'制造业',NULL),(181,111,1,'贸易/商业',NULL),(182,112,1,'广告/媒体',NULL),(183,113,1,'医疗/制药/健康',NULL),
						   (184,114,1,'房地产/建筑',NULL),(185,115,1,'社会服务业',NULL),(186,116,1,'物流/运输',NULL),(187,117,1,'政府/非营利机构',NULL),(188,118,1,'其他',NULL),(189,119,1,'小于10人',NULL),(190,120,1,'10 -- 50人',NULL),(191,121,1,'50 -- 200人',NULL),(192,122,1,'200 -- 500人',NULL),(193,123,1,'500人以上',NULL),(194,124,1,'等待审批',NULL),(195,125,1,'审核不合格',NULL),(196,126,1,'审核通过',NULL),(199,129,1,'网站自建学校',NULL),(200,130,1,'个人开设的学校',NULL),(203,133,1,'专业培训机构',NULL),(204,134,1,'事业行政单位',NULL),(205,135,1,'普通企业',NULL),(206,136,1,'认证通过',NULL),(207,137,1,'未认证',NULL),(208,138,1,'其他',NULL),(209,139,1,'公司及其课程可以在首页被查询',NULL),(210,140,1,'公司及课程不能在网站首页被搜索',NULL),(211,7,5,'male',NULL),(212,141,1,'考试结束后,管理员控制开放考试结果',NULL),(213,142,1,'考生考完试立即可以查看考试分数',NULL),(214,143,1,'考生考试结束后可以查看考试分数及答题详情',NULL),(215,144,1,'选修课程后使用',NULL),(216,145,1,'免费试用学习资料',NULL),(217,144,5,'Lean after order course',NULL),(218,145,5,'Free Sample Document',NULL),(219,146,1,'正常使用',NULL),(220,147,1,'免费使用',NULL),(221,148,1,'使用结束',NULL),(226,146,5,'Normal Status',NULL),(227,147,5,'Free Use',NULL),(228,148,5,'Finish Learned Course',NULL),(229,149,1,'使用课程学习',NULL),(230,150,1,'管理课程',NULL),(231,149,5,'Learn The Course',NULL),(232,150,5,'Manage The Course',NULL),(233,151,1,'等待生成',NULL),(234,152,1,'正在生成',NULL),(235,153,1,'已经生成',NULL),(236,151,5,'Wait To Generate Paper',NULL),(237,152,5,'Generating Paper',NULL),(238,153,5,'Finish Generated Paper',NULL),(239,154,1,'删除中',NULL),(240,154,5,'deleting',NULL),(241,155,1,'未练习',NULL),(242,155,5,'Not Start',NULL),(243,156,1,'及格',NULL),(244,157,1,'不及格',NULL),(245,156,5,'Passed',NULL),(246,157,5,'Failed',NULL),
						   (247,158,1,'从微软OneDrive选取',NULL),(248,159,1,'可以创建一个公司',NULL),(249,160,1,'可以创建多个公司',NULL),(250,161,1,'不允许创建公司',NULL),(251,159,5,'Allow create only one company',NULL),(252,160,5,'Allow create multiple company',NULL),(253,161,5,'Not allow create company',NULL),(254,162,1,'手动审核订单',NULL),(255,163,1,'自动审核订单',NULL),(256,164,1,'未读',NULL),(257,165,1,'已读',NULL),(258,164,5,'Unread',NULL),(259,165,5,'Read',NULL),(260,133,5,'Training Company',NULL),(261,129,5,'System Build-in School',NULL),(262,130,5,'Personal School',NULL),(263,134,5,'Goverment Organization',NULL),(264,135,5,'Non Traing Company',NULL),(265,138,5,'Others',NULL),(266,166,1,'免费提供学习公司',NULL),(267,167,1,'付费学习公司',NULL),(268,166,5,'Free Learn Company',NULL),(269,167,5,'Paid Learn Company',NULL),(270,168,1,'申请认证中',NULL),(271,169,1,'通过认证',NULL),(272,170,1,'认证不通过',NULL),(273,168,5,'Applying',NULL),(274,169,5,'Approved',NULL),(275,170,5,'Rejected',NULL),(276,171,1,'身份证',NULL),(277,172,1,'营业执照',NULL),(278,171,5,'Personal ID Card',NULL),(279,172,5,'Business Licence',NULL),(280,173,1,'从Dropbox选取',NULL),(281,174,1,'已激活',NULL),(282,175,1,'未激活',NULL),(283,174,5,'Activated',NULL),(284,175,5,'Not Activated',NULL),(285,176,1,'从GoogleDrive选取',NULL),(286,176,5,'From GoogleDrive',NULL),(287,158,5,'From Microsoft OneDrive',NULL),(288,53,5,'Upload From Local Machine',NULL),(289,54,5,'Direct Source File Link',NULL),(290,177,1,'优酷/土豆等在线网址',NULL),(291,177,5,'Youtube/Vimeo online link',NULL),(292,173,5,'From Dropbox',NULL),(293,9,5,'By Default',NULL),(294,10,5,'Normal',NULL),(295,41,5,'TAG',NULL),(296,39,5,'URL',NULL),(297,42,5,'MENU',NULL),(298,43,5,'System Default Role',NULL),(299,44,5,'Customized Role',NULL),(300,107,5,'Education',NULL),(301,108,5,'Computer/Electronics/Internet',NULL),
						   (302,109,5,'Accounting/Finance/Insurance',NULL),(303,110,5,'Manufacturing',NULL),(304,111,5,'Business/Trade',NULL),(305,112,5,'Advertisement/Media',NULL),(306,113,5,'Medical/Pharmacy/Health',NULL),(307,114,5,'Construction/Real estate',NULL),(308,115,5,'Social Service',NULL),(309,116,5,'Logistics/Transportation',NULL),(310,117,5,'Goverment/Non-profit Org',NULL),(311,118,5,'Others',NULL),(312,119,5,'Less than 10',NULL),(313,120,5,'10 -- 50',NULL),(314,121,5,'50 -- 200',NULL),(315,122,5,'200 -- 500',NULL),(316,123,5,'More than 500',NULL),(317,124,5,'Waiting for approve',NULL),(318,125,5,'Rejected',NULL),(319,126,5,'Approved',NULL),(320,137,5,'Uncertified',NULL),(321,136,5,'Certificated',NULL),(322,139,5,'Seableable In Website Query Page',NULL),(323,140,5,'Cannot Be Searched In Webstie Query Page',NULL),(324,25,5,'Exercise',NULL),(325,27,5,'Test Paper',NULL),(326,28,5,'Personal Paper',NULL),(327,33,5,'My Department Level',NULL),(328,34,5,'Sub Department Level',NULL),(329,35,5,'Not Start',NULL),(330,36,5,'In Testing',NULL),(332,38,5,'Finished',NULL),(333,45,5,'Html Page',NULL),(334,46,5,'Pdf Document',NULL),(335,47,5,'Word Document',NULL),(336,48,5,'Powerpoint Document',NULL),(337,49,5,'Excel Document',NULL),(338,50,5,'Video File',NULL),(339,51,5,'Audio File',NULL),(340,52,5,'Flash File',NULL),(341,141,5,'After Test Finished, Admin Open Test Result',NULL),(342,142,5,'User Can View Score After Complete Test',NULL),(343,143,5,'User Can View Score And Paper After Complete Test',NULL),(344,162,5,'Approve Order Manaually',NULL),(345,163,5,'Approve Order Automatically',NULL),(346,178,1,'在本国内推荐',NULL),(347,179,1,'在全部国家推荐',NULL),(348,178,5,'Recommand In Local Country',NULL),(349,179,5,'Recommand In All Country',NULL),(350,180,1,'可下载压缩文件',NULL),(351,180,5,'downloadable zip file',NULL),
						   (352,181,1,'准备课程中(暂不对外开放)',NULL),(356,181,5,'In Preparing(not ready to use)',NULL),(353,182,1,'正常使用',NULL),(357,182,5,'Active In Use',NULL),(354,183,1,'失效状态',NULL),(358,183,5,'Inactive Status',NULL),(355,184,1,'删除中',NULL),(359,184,5,'In deleting',NULL),(360,185,1,'组织进行中',NULL),(361,186,1,'已经结束',NULL),(362,185,2,'Scheduled',NULL),(363,186,2,'Ended',NULL),(364,187,1,'现场培训或活动',NULL),(365,188,1,'线上互动',NULL),(366,187,2,'Training Or Activity Offline',NULL),(367,188,2,'Training Or Meeting Online',NULL),(368,189,1,'报名中',NULL),(369,190,1,'不接受报名',NULL),(370,189,2,'apply to join',NULL),(371,190,2,'No Registration',NULL),(372,191,1,'已注册',NULL),(373,192,1,'已参加',NULL),(375,191,2,'Registered',NULL),(377,192,2,'Attended',NULL);


----  SysParam ---
truncate table SysParam;

INSERT INTO SysParam(code, value, typeCode, syscode, notes) 
             VALUES ('FileImportQuestion.maxNumLimit','1000','FileImportDataLimit','00000002','excel导入question的最大数目'),('FileImportUser.maxNumLimit','500','FileImportDataLimit','00000002','excel导入orguse的最大数目'),('maxExamUser.freeProduct.num','30','ProductRescLimit','00000002','免费课程的考试可以参加的最大人数'),('maxExamUser.paidProduct.num','500','ProductRescLimit','00000002','付费课程的考试可以参加的最大人数'),('maxProduct.freeShop.num','50','ShopChargetypeRescLimit','00000002','免费商店可以创建的课程数目'),
                    ('maxProduct.paidShop.num','500','ShopChargetypeRescLimit','00000002','付费商店可以创建的课程数目'),('maxProductUser.freeProduct.num','500','ProductRescLimit','00000002','免费课程可以学习的最大人数'),('maxProductUser.paidProduct.num','500','ProductRescLimit','00000002','付费课程可以学习的最大人数'),('singlefile.article.size','5000','FileSizeLimit','00000002','文章中的图片等文件大小,单位kb'),('singlefile.exam.size','1024','FileSizeLimit','00000002','习题中的附件大小,单位kb'),
                    ('singlefile.learncontent.size','10240','FileSizeLimit','00000002','学习内容中的附件大小,单位kb'),('singlefile.shopprofile.size','2048','FileSizeLimit','00000001','存放shop本身信息大小的,单位kb'),('tryUseDayBeforeCharge.num','7','PaidShopRescLimit','00000002','付费商店开始可以试用的天数'),('CourseCanComment.Interval','1','ProductRescLimit','00000002','课程使用后多少天可以评价课程');


---- SysFunctionItem ---
SET FOREIGN_KEY_CHECKS=0;
truncate table SysFunctionItem;
SET FOREIGN_KEY_CHECKS=1;

INSERT INTO SysFunctionItem(functionCode, functionName, syscode, payType, cost, isMust, startDate, status, funcDesc) 
                    VALUES ('10000001','Order approve automatically','00000002',0,NULL,2,NULL,1,NULL),('10000002','Import User in Organization','00000002',1,NULL,2,NULL,1,NULL);

