/*==============================================================*/
/* Table: OpenActivity                                      */
/*==============================================================*/
create table OpenActivity
(
   activityID           bigint not null auto_increment,
   name                 varchar(128) not null,
   startTime            datetime not null,
   endTime              datetime not null comment 'how long of the activity, minutes',
   joinType             smallint not null comment '1: course training or activity offline  2: online activity',
   onlineUrl            varchar(256) comment 'when joinType is online, how to join it',
   localeID             bigint,
   regionCode           varchar(8) comment 'refer to table: CountryRegion',
   place                varchar(256) comment 'when joinType is offline, where to join it',
   contactInfo          varchar(256) not null,
   shopID               bigint not null,
   categoryID           bigint not null comment 'categoryID of the activity',
   productid            bigint comment 'reference to product',
   creatorID            bigint comment 'who created it',
   joinStatus           smallint not null default 0 comment '1: can join,  2: cannot join, Participant is full',
   status               smallint not null default 1 comment '1: scheduled   2: ended',
   userNum              int default 0 comment 'joined user number',
   createTime           datetime not null,
   lastUpdateTime       datetime not null,
   primary key (activityID)
)
comment = "shop arranged open activities. everyone can register the acitvity, it usually is training or visit";


/*==============================================================*/
/* Table: OpenActivityContent                                   */
/*==============================================================*/
create table OpenActivityContent
(
   activityID           bigint not null,
   shopID               bigint not null,
   description          varchar(4000) not null,
   primary key (activityID)
);

alter table OpenActivityContent add constraint OpenActivityContent foreign key (activityID)
      references OpenActivity (activityID) on delete restrict on update restrict;


/*==============================================================*/
/* Table: OpenActivityMember                                */
/*==============================================================*/
create table OpenActivityMember
(
   activityID           bigint not null,
   userID               bigint not null,
   displayName          varchar(64),
   phone                varchar(32),
   otherContactInfo     varchar(64),
   registerTime         datetime not null,
   joinStatus           smallint not null default 1 comment '1: registered 2: joined activity',
   joinedTime           datetime comment 'joined time',
   note                 varchar(128) comment 'activity admin can take note on users',
   primary key (activityID, userID)
);

alter table OpenActivityMember add constraint FK_OpenActivity_Member foreign key (activityID)
      references OpenActivity (activityID) on delete restrict on update restrict;

/*==============================================================*/
/* Index: LogicKey                                              */
/*==============================================================*/
create unique index LogicKey_SysConstItem on SysConstItem
(
   sysConstCode,
   value
);

SET FOREIGN_KEY_CHECKS=0;
truncate table SysConstItemVal;
truncate table SysConstItem;
truncate table SysConstVal;
truncate table SysConst;
SET FOREIGN_KEY_CHECKS=1;

INSERT INTO SysConst(sysConstID, sysConstCode, syscode, getValueWay, valueWay) 
             VALUES (3,'Sysconst.Gender','00000001',1,NULL),(4,'Const.Common.getValueWay','00000001',2,'commonTool.constant.SysconstConstant#getGetValueWayLists'),(5,'common.const.defaultType','00000001',1,NULL),(8,'UserProduct.status','00000002',1,NULL),(9,'common.const.commonstatus','00000001',1,NULL),(12,'Question.QuesType','00000002',2,'netTest.wareques.constant.QuestionConstant#getQuesTypeList'),(13,'Question.Status','00000002',1,NULL),(14,'netTest.paper.paperType','00000002',1,NULL),(15,'Question.Difficult','00000002',2,'netTest.wareques.constant.QuestionConstant#getDifficultList'),(16,'netTest.TestinfoConstant.Teststatus','00000002',2,'netTest.exam.constant.TestinfoConstant#getTeststatusList'),(17,'netTest.PaperConstant.geneType','00000002',1,NULL),(18,'netTest.TestinfoConstant.testcanstop','00000002',1,NULL),(20,'netTest.TestinfoConstant.Qrytesttype','00000002',1,NULL),(21,'netTest.TestuserConstant.status','00000002',1,NULL),(22,'common.resources.rescType','00000001',1,NULL),(23,'common.Roles.isdefaultset','00000001',1,NULL),(24,'netTest.Learncontent.contenttype','00000002',1,NULL),(25,'common.uploadFile.way','00000001',1,NULL),(26,'common.const.yesnoType','00000001',1,NULL),(33,'Common.PayTypeConstant.PayType','00000001',1,NULL),(34,'netTest.ProductConstant.IsNeedApprove','00000002',1,NULL),(35,'netTest.TestinfoConstant.OpenType','00000002',1,NULL),(36,'netTest.TestinfoConstant.Teststatusshow','00000002',2,'netTest.exam.constant.TestinfoConstant#getTeststatusshowList'),(41,'ShopConstant.ShopStatus','00000001',1,NULL),(42,'UsershopConstant.UserShopStatus','00000001',1,NULL),(43,'netTest.CustOrder.OrderStatus','00000002',1,NULL),(44,'netTest.ProductConstant.Isopen','00000002',1,NULL),(45,'netTest.ExerUser.Status','00000002',1,NULL),(46,'CountryregionConstant.RegionCode','00000001',2,'commonTool.constant.CountryregionConstant#getRegionList'),
                    (47,'common.bizArea','00000001',1,NULL),(48,'platform.ShopConstant.UserNumScale','00000001',1,NULL),(49,'platform.ShopappConstant.AppStatus','00000001',1,NULL),(50,'platform.ShopConstant.OwnerType','00000001',1,NULL),(51,'platform.ShopConstant.IsAuthen','00000001',1,NULL),(52,'platform.ShopConstant.OpenType','00000001',1,NULL),(53,'netTest.TestinfoConstant.ViewResultType','00000002',1,NULL),(54,'platform.CustomerConstant.UserStatus','00000001',2,'platform.constant.CustomerConstant#getCustomerStatusLabels'),(55,'netTest.LearncontentConstant.IsTry','00000002',1,NULL),(56,'netTest.UserProduct.statusrank','00000002',1,NULL),(58,'netTest.UserproductConstant.ProdUseType','00000002',1,NULL),(59,'netTest.TestinfoConstant.Control.TestStatus','00000002',2,'netTest.exam.constant.TestinfoConstant#getControlStatusList'),(60,'netTest.PaperConstant.PaperPhase','00000002',1,NULL),(61,'netTest.TestuserConstant.IsQualify','00000002',1,NULL),(62,'Platform.SybsystemList','00000001',2,'commonTool.constant.CommonConstant#getAllSubsystemLists'),(63,'platform.Useraccountsetting.Shopcreateable','00000001',1,NULL),(66,'netTest.ShopFunction.OrderAutoApprove','00000002',1,NULL),(67,'Usernotification.IsRead','00000001',1,NULL),(68,'platform.ShopConstant.ChargeType','00000001',1,NULL),(69,'platform.ShopConstant.ApplyAuthenStatus','00000001',1,NULL),(70,'platform.ShopConstant.AuthenIDType','00000001',1,NULL),(71,'CustomerConstant.StageStatus','00000001',1,NULL),(72,'netTest.GoodProduct.Scope','00000002',1,NULL),(73,'netTest.ProductConstant.status','00000002',1,NULL),(74,'OpenActivity.Status','00000002',1,NULL),(75,'OpenActivity.JoinType','00000002',1,NULL),(76,'OpenActivity.JoinStatus','00000002',1,NULL),(77,'OpenActivityMember.JoinStatus','00000002',1,NULL);


INSERT INTO SysConstVal(constValueID, sysConstID, localeID, name) 
                VALUES (3,3,1,'性别'),(4,4,1,'静态数据取值方式'),(5,5,1,'默认类型'),(6,3,5,'Gender'),(9,8,1,'用户课程状态'),(10,8,5,'User Course Status'),(11,9,1,'一般通用状态'),(14,12,1,'题目类型'),(15,13,1,'题目状态'),(16,14,1,'试卷类型'),(17,15,1,'题目难度'),(18,16,1,'考试状态'),(19,17,1,'试卷生成方式'),(20,18,1,'考生在考试中可否暂停'),(22,20,1,'查看考试类型'),(23,21,1,'考生考试状态'),(24,22,1,'Resource资源类型'),(25,23,1,'角色类型'),(26,24,1,'学习资料类型'),(27,25,1,'学习资料来源'),(28,26,1,'通用是否选择'),(35,33,1,'付费使用方式'),(36,34,1,'购买是否要审批'),(37,35,1,'考试开放类型'),(38,36,1,'显示的考试状态'),(43,41,1,'公司状态'),(44,42,1,'用户在公司中状态'),(45,43,1,'订单状态'),(46,44,1,'课程是否开放'),(47,45,1,'用户练习状态'),(48,46,1,'所在区域'),(49,47,1,'行业列表'),(50,48,1,'公司人数规模'),(51,49,1,'公司申请状态'),(52,50,1,'公司雇主类型'),(53,51,1,'公司认证状态'),(54,52,1,'公司开放类型'),(55,53,1,'查看考试结果类型'),(56,54,1,'用户状态'),(57,54,5,'User Status'),(58,55,1,'是否为试用学习资料'),(59,56,1,'用户课程使用子分类'),(61,58,1,'课程使用类型'),(62,59,1,'控制考试状态命令'),(63,59,5,'Control TestStatus Command'),(64,60,1,'试卷生成阶段'),(65,61,1,'考试是否及格'),(66,62,1,'子系统列表'),(67,62,5,'Sub System List'),(68,63,1,'创建公司限制'),(71,66,1,'订单审批功能'),(72,67,1,'消息是否阅读'),(73,68,1,'公司收费类型'),(74,69,1,'公司申请认证状态'),(75,70,1,'公司申请认证证件类型'),(76,71,1,'用户子状态'),(77,51,5,'Company Certificate Status'),(78,69,5,'Company Apply Certification Status'),(79,4,5,'Static Data Value Type'),(80,5,5,'Defult Type'),(81,9,5,'General Status'),(82,22,5,'Resource Type'),(83,23,5,'Role Type'),(84,25,5,'Learn File Source'),(85,26,5,'General Yes Or No'),(86,41,5,'Company Status'),(87,42,5,'User Status In Compay'),(88,46,5,'Region'),(89,47,5,'Company Category'),(90,48,5,'Company Employee Scale'),(91,49,5,'Company Apply Status'),
                       (92,52,5,'Company Open Type'),(93,63,5,'Create Company Limit'),(94,67,5,'Read Message'),(95,68,5,'Charge Company Type'),(96,70,5,'Apply Certification Type'),(97,71,5,'User Stage Status'),(98,12,5,'Question Type'),(99,13,5,'Question Status'),(100,14,5,'Paper Type'),(101,15,5,'Question Difficult'),(102,16,5,'Test Status'),(103,17,5,'Paper Generate Type'),(104,18,5,'Pause Testing Ability'),(105,20,5,'View Test Level'),(106,21,5,'User Test Status'),(107,24,5,'Learn File Type'),(108,34,5,'Need Approve Course Order'),(109,35,5,'Test Open Type'),(110,36,5,'Showing Test Status'),(111,43,5,'Order Status'),(112,44,5,'Open Course Type'),(113,45,5,'User Exercise Status'),(114,53,5,'How Testee View Test Result'),(115,55,5,'FreeTrial Learn File Type'),(116,56,5,'User Course Sub Status'),(117,58,5,'Learn Or Manage Course'),(118,60,5,'Paper Generate Stage'),(119,61,5,'Pass Test Or Not'),(120,66,5,'How To Approve Order'),(121,33,5,'Payment Type'),(122,50,5,'Company Employer Type'),(123,72,1,'课程推荐范围'),(124,72,5,'Course Recommand Scope'),(125,73,1,'产品状态'),(126,73,5,'Product Status'),(127,74,1,'公开活动状态'),(128,74,2,'Open Activity Status'),(129,75,1,'公开活动加入方式'),(130,75,2,'Open Activity JoinType'),(131,76,1,'公开活动能否参加'),(132,76,2,'Open Activity Join Status'),(133,77,1,'公开活动人员状态'),(134,77,2,'User Status In Activity');


INSERT INTO SysConstItem(itemID, sysConstCode, value, orderNO, param1, param2) 
                 VALUES (7,'Sysconst.Gender','1',1,'1','1'),(8,'Sysconst.Gender','2',1,'1',''),(9,'common.const.defaultType','1',1,'',''),(10,'common.const.defaultType','2',2,'',''),(15,'UserProduct.status','1',1,'',''),(16,'UserProduct.status','2',2,'',''),(17,'common.const.commonstatus','1',1,'1',''),(18,'common.const.commonstatus','2',2,'1',''),(23,'Question.Status','1',1,'',''),(24,'Question.Status','2',2,'',''),(25,'netTest.paper.paperType','2',1,'type2',''),(27,'netTest.paper.paperType','3',3,'type2',''),(28,'netTest.paper.paperType','4',4,'type3',''),(29,'netTest.PaperConstant.geneType','1',1,'',''),(30,'netTest.PaperConstant.geneType','2',2,'',''),(31,'netTest.TestinfoConstant.testcanstop','2',1,'',''),(32,'netTest.TestinfoConstant.testcanstop','1',2,'',''),(33,'netTest.TestinfoConstant.Qrytesttype','1',1,'',''),(34,'netTest.TestinfoConstant.Qrytesttype','2',2,'',''),(35,'netTest.TestuserConstant.status','1',1,'',''),(36,'netTest.TestuserConstant.status','3',2,'',''),(38,'netTest.TestuserConstant.status','7',4,'',''),(39,'common.resources.rescType','URL',NULL,'',''),(41,'common.resources.rescType','TAG',NULL,'',''),(42,'common.resources.rescType','MENU',NULL,'',''),(43,'common.Roles.isdefaultset','0',1,'',''),(44,'common.Roles.isdefaultset','1',2,'',''),(45,'netTest.Learncontent.contenttype','1',1,'',''),(46,'netTest.Learncontent.contenttype','2',5,'',''),(47,'netTest.Learncontent.contenttype','3',6,'',''),(48,'netTest.Learncontent.contenttype','4',7,'',''),(49,'netTest.Learncontent.contenttype','5',8,'',''),(50,'netTest.Learncontent.contenttype','6',2,'',''),(51,'netTest.Learncontent.contenttype','7',3,'',''),(52,'netTest.Learncontent.contenttype','8',4,'',''),(53,'common.uploadFile.way','1',1,'',''),(54,'common.uploadFile.way','2',3,'1',''),(55,'common.const.yesnoType','1',1,'',''),
                        (56,'common.const.yesnoType','2',2,'',''),(63,'Platform.PayTypeConstant.PayType','1',1,'',''),(64,'Platform.PayTypeConstant.PayType','3',2,'',''),(65,'Platform.PayTypeConstant.PayType','2',3,'',''),(66,'Platform.PayTypeConstant.PayType','7',4,'',''),(67,'netTest.ProductConstant.IsNeedApprove','1',1,'',''),(68,'netTest.ProductConstant.IsNeedApprove','2',2,'',''),(69,'netTest.TestinfoConstant.OpenType','1',1,'',''),(71,'netTest.TestinfoConstant.OpenType','2',2,'',''),(75,'Platform.PayTypeConstant.PayType','0',0,'',''),(84,'ShopConstant.ShopStatus','7',2,'',''),(85,'ShopConstant.ShopStatus','10',3,'',''),(86,'ShopConstant.ShopStatus','13',4,'',''),(87,'ShopConstant.ShopStatus','16',5,'',''),(88,'UsershopConstant.UserShopStatus','1',1,'',''),(89,'UsershopConstant.UserShopStatus','4',2,'',''),(90,'UsershopConstant.UserShopStatus','7',3,'',''),(91,'UsershopConstant.UserShopStatus','10',4,'',''),(92,'UsershopConstant.UserShopStatus','13',5,'',''),(93,'UsershopConstant.UserShopStatus','16',6,'',''),(94,'UsershopConstant.UserShopStatus','19',7,'',''),(95,'Common.PayTypeConstant.PayType','0',1,'',''),(96,'Common.PayTypeConstant.PayType','1',2,'',''),(97,'Common.PayTypeConstant.PayType','2',3,'',''),(98,'Common.PayTypeConstant.PayType','3',4,'',''),(99,'Common.PayTypeConstant.PayType','7',5,'',''),(100,'netTest.CustOrder.OrderStatus','1',1,'',''),(101,'netTest.CustOrder.OrderStatus','7',2,'',''),(102,'netTest.CustOrder.OrderStatus','10',3,'',''),(103,'netTest.ProductConstant.Isopen','1',1,'',''),(104,'netTest.ProductConstant.Isopen','2',2,'',''),(105,'netTest.ExerUser.Status','3',2,'',''),(106,'netTest.ExerUser.Status','7',3,'',''),(107,'common.bizArea','1',1,'',''),(108,'common.bizArea','2',2,'',''),(109,'common.bizArea','3',3,'',''),(110,'common.bizArea','4',4,'',''),(111,'common.bizArea','5',5,'',''),
                        (112,'common.bizArea','6',6,'',''),(113,'common.bizArea','7',7,'',''),(114,'common.bizArea','8',8,'',''),(115,'common.bizArea','9',9,'',''),(116,'common.bizArea','10',10,'',''),(117,'common.bizArea','11',11,'',''),(118,'common.bizArea','999',999,'',''),(119,'platform.ShopConstant.UserNumScale','1,10',1,'',''),(120,'platform.ShopConstant.UserNumScale','10,50',2,'',''),(121,'platform.ShopConstant.UserNumScale','50,200',3,'',''),(122,'platform.ShopConstant.UserNumScale','200,500',4,'',''),(123,'platform.ShopConstant.UserNumScale','500,',5,'',''),(124,'platform.ShopappConstant.AppStatus','4',1,'',''),(125,'platform.ShopappConstant.AppStatus','7',2,'',''),(126,'platform.ShopappConstant.AppStatus','10',3,'',''),(129,'platform.ShopConstant.OwnerType','1',1,'',''),(130,'platform.ShopConstant.OwnerType','2',2,'register',''),(133,'platform.ShopConstant.OwnerType','3',3,'register',''),(134,'platform.ShopConstant.OwnerType','5',5,'register',''),(135,'platform.ShopConstant.OwnerType','4',4,'register',''),(136,'platform.ShopConstant.IsAuthen','1',2,'',''),(137,'platform.ShopConstant.IsAuthen','0',1,'',''),(138,'platform.ShopConstant.OwnerType','-1',999,'register',''),(139,'platform.ShopConstant.OpenType','1',1,'',''),(140,'platform.ShopConstant.OpenType','2',2,'',''),(141,'netTest.TestinfoConstant.ViewResultType','1',1,'',''),(142,'netTest.TestinfoConstant.ViewResultType','2',2,'',''),(143,'netTest.TestinfoConstant.ViewResultType','3',3,'',''),(144,'netTest.LearncontentConstant.IsTry','1',1,'',''),(145,'netTest.LearncontentConstant.IsTry','2',2,'',''),(146,'netTest.UserProduct.statusrank','1',1,'',''),(147,'netTest.UserProduct.statusrank','2',2,'',''),(148,'netTest.UserProduct.statusrank','6',3,'',''),(149,'netTest.UserproductConstant.ProdUseType','2',1,'',''),(150,'netTest.UserproductConstant.ProdUseType','3',2,'',''),
                        (151,'netTest.PaperConstant.PaperPhase','1',1,'',''),(152,'netTest.PaperConstant.PaperPhase','3',2,'',''),(153,'netTest.PaperConstant.PaperPhase','5',3,'',''),(154,'common.const.commonstatus','4',3,'',''),(155,'netTest.ExerUser.Status','1',1,'',''),(156,'netTest.TestuserConstant.IsQualify','1',1,'',''),(157,'netTest.TestuserConstant.IsQualify','0',2,'',''),(158,'common.uploadFile.way','7',4,'1',''),(159,'platform.Useraccountsetting.Shopcreateable','1',1,'',''),(160,'platform.Useraccountsetting.Shopcreateable','2',2,'',''),(161,'platform.Useraccountsetting.Shopcreateable','0',3,'',''),(162,'netTest.ShopFunction.OrderAutoApprove','0',1,'',''),(163,'netTest.ShopFunction.OrderAutoApprove','1',2,'',''),(164,'Usernotification.IsRead','1',1,'',''),(165,'Usernotification.IsRead','2',2,'',''),(166,'platform.ShopConstant.ChargeType','1',1,'',''),(167,'platform.ShopConstant.ChargeType','2',2,'',''),(168,'platform.ShopConstant.ApplyAuthenStatus','1',1,'',''),(169,'platform.ShopConstant.ApplyAuthenStatus','2',2,'dropdown',''),(170,'platform.ShopConstant.ApplyAuthenStatus','3',3,'dropdown',''),(171,'platform.ShopConstant.AuthenIDType','1',1,'',''),(172,'platform.ShopConstant.AuthenIDType','2',2,'',''),(173,'common.uploadFile.way','5',5,'1',''),(174,'CustomerConstant.StageStatus','1',1,'',''),(175,'CustomerConstant.StageStatus','3',2,'',''),(176,'common.uploadFile.way','6',6,'1',''),(177,'common.uploadFile.way','3',2,'1','2'),(178,'netTest.GoodProduct.Scope','1',1,'',''),(179,'netTest.GoodProduct.Scope','2',2,'',''),(180,'netTest.Learncontent.contenttype','0',9,'',''),(181,'netTest.ProductConstant.status','0',1,'1',''),(182,'netTest.ProductConstant.status','1',2,'1',''),(183,'netTest.ProductConstant.status','2',3,'1',''),(184,'netTest.ProductConstant.status','4',4,'2',''),
                        (185,'OpenActivity.Status','1',1,'',''),(186,'OpenActivity.Status','2',2,'',''),(187,'OpenActivity.JoinType','1',1,'',''),(188,'OpenActivity.JoinType','2',2,'',''),(189,'OpenActivity.JoinStatus','1',1,'',''),(190,'OpenActivity.JoinStatus','2',2,'',''),(191,'OpenActivityMember.JoinStatus','1',1,'',''),(192,'OpenActivityMember.JoinStatus','2',2,'Attended','');
             
                  
INSERT INTO SysConstItemVal(itemValueID, itemID, localeID, labelName, value) 
                    VALUES (10,7,1,'男',NULL),(11,8,1,'女',NULL),(12,9,1,'默认',NULL),(13,10,1,'非默认',NULL),(15,8,5,'female',NULL),(22,15,1,'有效',NULL),(23,16,1,'失效',NULL),(24,15,5,'valid',NULL),(25,16,5,'invalid',NULL),(26,17,1,'有效',NULL),(27,17,5,'valid',NULL),(28,18,1,'失效',NULL),(29,18,5,'invalid',NULL),(34,23,1,'有效',NULL),(35,24,1,'失效',NULL),(37,23,5,'valid',NULL),(38,24,5,'invalid',NULL),(39,25,1,'练习',NULL),(41,27,1,'考试试卷',NULL),(42,28,1,'个人试卷',NULL),(43,29,1,'固定试题的试卷',NULL),(44,30,1,'动态生成的试卷',NULL),(45,29,5,'Pre Created Paper',NULL),(46,30,5,'Dynamic Creating Paper',NULL),(47,31,1,'不可以暂停',NULL),(48,32,1,'可以暂停',NULL),(49,31,5,'No Pausing Testing',NULL),(50,32,5,'Allow Suspand Testing',NULL),(51,33,1,'本单位考试',NULL),(52,34,1,'下级单位考试',NULL),(53,35,1,'未开始考试',NULL),(54,36,1,'正在考试',NULL),(56,38,1,'完成考试',NULL),(57,39,1,'URL',NULL),(59,41,1,'TAG',NULL),(60,42,1,'MENU',NULL),(61,43,1,'系统默认角色',NULL),(62,44,1,'自定义角色',NULL),(63,45,1,'网页资料',NULL),(64,46,1,'pdf文档',NULL),(65,47,1,'word文档',NULL),(66,48,1,'powerpoint幻灯片',NULL),(67,49,1,'excel文档',NULL),(68,50,1,'视频资料',NULL),(69,51,1,'音频资料',NULL),(70,52,1,'flash课件(swf)',NULL),(71,53,1,'从本机上传',NULL),(72,54,1,'外部源文件链接',NULL),(73,55,1,'是',NULL),(74,56,1,'否',NULL),(75,55,5,'yes',NULL),(76,56,5,'no',NULL),(89,63,1,'付费后无限制使用',NULL),(90,64,1,'按天付费',NULL),(91,65,1,'按月付费',NULL),(92,66,1,'付费后使用固定次数',NULL),(93,63,5,'no restrict to use when paid',NULL),(94,64,5,'charge on day',NULL),(95,65,5,'charge on month',NULL),(96,66,5,'charge on some use times',NULL),(97,67,1,'需要培训公司审批',NULL),(98,68,1,'订购后即可学习',NULL),(99,68,5,'After Ordered, Can Learn',NULL),(100,67,5,'Need Approve To Learn',NULL),(101,69,1,'本课程所有学员可参加',NULL),
                           (103,71,1,'选取指定考生参加',NULL),(104,69,5,'This Course Student Can Join',NULL),(106,71,5,'Select Some Student To Join',NULL),(113,75,1,'免费使用',NULL),(114,75,5,'free use',NULL),(130,84,1,'正常',NULL),(131,85,1,'暂停营业',NULL),(132,86,1,'欠费',NULL),(133,87,1,'封存',NULL),(135,84,5,'Active',NULL),(136,85,5,'Suspend',NULL),(137,86,5,'In Debt',NULL),(138,87,5,'Cannot use, Sealed',NULL),(139,88,1,'申请加入',NULL),(140,89,1,'正常',NULL),(141,90,1,'即将欠费',NULL),(142,91,1,'欠费',NULL),(143,92,1,'暂停使用',NULL),(144,93,1,'封存禁用',NULL),(145,94,1,'已退出',NULL),(146,88,5,'Apply Join',NULL),(147,89,5,'Active',NULL),(148,90,5,'Due to in debt',NULL),(149,91,5,'In Debt',NULL),(150,92,5,'Suspend',NULL),(151,93,5,'Cannot Use, Sealed',NULL),(152,94,5,'Not In Shop',NULL),(153,95,1,'免费使用',NULL),(154,96,1,'一次付费后自由使用',NULL),(155,97,1,'按月使用付费',NULL),(156,98,1,'按天使用付费',NULL),(157,99,1,'付费后使用固定的次数',NULL),(158,95,5,'Free Use',NULL),(159,96,5,'After Paid, Free Use',NULL),(160,97,5,'Paid For Month',NULL),(161,98,5,'Paid for Days',NULL),(162,99,5,'Paid For Limited Use Times',NULL),(163,100,1,'已生成，待审批',NULL),(164,101,1,'订单审批通过',NULL),(165,102,1,'订单审批否决',NULL),(166,100,5,'Generated, ToBe Approve',NULL),(167,101,5,'Order Approved',NULL),(168,102,5,'Order Rejected',NULL),(169,103,1,'可以在网站首页查询到',NULL),(170,104,1,'公司内部自用课程',NULL),(171,103,5,'Seachable In Query Page',NULL),(172,104,5,'Company Internal Used',NULL),(173,105,1,'正在答题',NULL),(174,106,1,'完成练习',NULL),(175,105,5,'Doing Exercise',NULL),(176,106,5,'Completed',NULL),(177,107,1,'教育/培训/院校',NULL),(178,108,1,'计算机/互联网/通信/电子',NULL),(179,109,1,'会计/金融/银行/保险',NULL),(180,110,1,'制造业',NULL),(181,111,1,'贸易/商业',NULL),(182,112,1,'广告/媒体',NULL),(183,113,1,'医疗/制药/健康',NULL),
                           (184,114,1,'房地产/建筑',NULL),(185,115,1,'社会服务业',NULL),(186,116,1,'物流/运输',NULL),(187,117,1,'政府/非营利机构',NULL),(188,118,1,'其他',NULL),(189,119,1,'小于10人',NULL),(190,120,1,'10 -- 50人',NULL),(191,121,1,'50 -- 200人',NULL),(192,122,1,'200 -- 500人',NULL),(193,123,1,'500人以上',NULL),(194,124,1,'等待审批',NULL),(195,125,1,'审核不合格',NULL),(196,126,1,'审核通过',NULL),(199,129,1,'网站自建学校',NULL),(200,130,1,'个人开设的学校',NULL),(203,133,1,'专业培训机构',NULL),(204,134,1,'事业行政单位',NULL),(205,135,1,'普通企业',NULL),(206,136,1,'认证通过',NULL),(207,137,1,'未认证',NULL),(208,138,1,'其他',NULL),(209,139,1,'公司及其课程可以在首页被查询',NULL),(210,140,1,'公司及课程不能在网站首页被搜索',NULL),(211,7,5,'male',NULL),(212,141,1,'考试结束后,管理员控制开放考试结果',NULL),(213,142,1,'考生考完试立即可以查看考试分数',NULL),(214,143,1,'考生考试结束后可以查看考试分数及答题详情',NULL),(215,144,1,'选修课程后使用',NULL),(216,145,1,'免费试用学习资料',NULL),(217,144,5,'Lean after order course',NULL),(218,145,5,'Free Sample Document',NULL),(219,146,1,'正常使用',NULL),(220,147,1,'免费使用',NULL),(221,148,1,'使用结束',NULL),(226,146,5,'Normal Status',NULL),(227,147,5,'Free Use',NULL),(228,148,5,'Finish Learned Course',NULL),(229,149,1,'使用课程学习',NULL),(230,150,1,'管理课程',NULL),(231,149,5,'Learn The Course',NULL),(232,150,5,'Manage The Course',NULL),(233,151,1,'等待生成',NULL),(234,152,1,'正在生成',NULL),(235,153,1,'已经生成',NULL),(236,151,5,'Wait To Generate Paper',NULL),(237,152,5,'Generating Paper',NULL),(238,153,5,'Finish Generated Paper',NULL),(239,154,1,'删除中',NULL),(240,154,5,'deleting',NULL),(241,155,1,'未练习',NULL),(242,155,5,'Not Start',NULL),(243,156,1,'及格',NULL),(244,157,1,'不及格',NULL),(245,156,5,'Passed',NULL),(246,157,5,'Failed',NULL),
                           (247,158,1,'从微软OneDrive选取',NULL),(248,159,1,'可以创建一个公司',NULL),(249,160,1,'可以创建多个公司',NULL),(250,161,1,'不允许创建公司',NULL),(251,159,5,'Allow create only one company',NULL),(252,160,5,'Allow create multiple company',NULL),(253,161,5,'Not allow create company',NULL),(254,162,1,'手动审核订单',NULL),(255,163,1,'自动审核订单',NULL),(256,164,1,'未读',NULL),(257,165,1,'已读',NULL),(258,164,5,'Unread',NULL),(259,165,5,'Read',NULL),(260,133,5,'Training Company',NULL),(261,129,5,'System Build-in School',NULL),(262,130,5,'Personal School',NULL),(263,134,5,'Goverment Organization',NULL),(264,135,5,'Non Traing Company',NULL),(265,138,5,'Others',NULL),(266,166,1,'免费提供学习公司',NULL),(267,167,1,'付费学习公司',NULL),(268,166,5,'Free Learn Company',NULL),(269,167,5,'Paid Learn Company',NULL),(270,168,1,'申请认证中',NULL),(271,169,1,'通过认证',NULL),(272,170,1,'认证不通过',NULL),(273,168,5,'Applying',NULL),(274,169,5,'Approved',NULL),(275,170,5,'Rejected',NULL),(276,171,1,'身份证',NULL),(277,172,1,'营业执照',NULL),(278,171,5,'Personal ID Card',NULL),(279,172,5,'Business Licence',NULL),(280,173,1,'从Dropbox选取',NULL),(281,174,1,'已激活',NULL),(282,175,1,'未激活',NULL),(283,174,5,'Activated',NULL),(284,175,5,'Not Activated',NULL),(285,176,1,'从GoogleDrive选取',NULL),(286,176,5,'From GoogleDrive',NULL),(287,158,5,'From Microsoft OneDrive',NULL),(288,53,5,'Upload From Local Machine',NULL),(289,54,5,'Direct Source File Link',NULL),(290,177,1,'优酷/土豆等在线网址',NULL),(291,177,5,'Youtube/Vimeo online link',NULL),(292,173,5,'From Dropbox',NULL),(293,9,5,'By Default',NULL),(294,10,5,'Normal',NULL),(295,41,5,'TAG',NULL),(296,39,5,'URL',NULL),(297,42,5,'MENU',NULL),(298,43,5,'System Default Role',NULL),(299,44,5,'Customized Role',NULL),(300,107,5,'Education',NULL),(301,108,5,'Computer/Electronics/Internet',NULL),
                           (302,109,5,'Accounting/Finance/Insurance',NULL),(303,110,5,'Manufacturing',NULL),(304,111,5,'Business/Trade',NULL),(305,112,5,'Advertisement/Media',NULL),(306,113,5,'Medical/Pharmacy/Health',NULL),(307,114,5,'Construction/Real estate',NULL),(308,115,5,'Social Service',NULL),(309,116,5,'Logistics/Transportation',NULL),(310,117,5,'Goverment/Non-profit Org',NULL),(311,118,5,'Others',NULL),(312,119,5,'Less than 10',NULL),(313,120,5,'10 -- 50',NULL),(314,121,5,'50 -- 200',NULL),(315,122,5,'200 -- 500',NULL),(316,123,5,'More than 500',NULL),(317,124,5,'Waiting for approve',NULL),(318,125,5,'Rejected',NULL),(319,126,5,'Approved',NULL),(320,137,5,'Uncertified',NULL),(321,136,5,'Certificated',NULL),(322,139,5,'Seableable In Website Query Page',NULL),(323,140,5,'Cannot Be Searched In Webstie Query Page',NULL),(324,25,5,'Exercise',NULL),(325,27,5,'Test Paper',NULL),(326,28,5,'Personal Paper',NULL),(327,33,5,'My Department Level',NULL),(328,34,5,'Sub Department Level',NULL),(329,35,5,'Not Start',NULL),(330,36,5,'In Testing',NULL),(332,38,5,'Finished',NULL),(333,45,5,'Html Page',NULL),(334,46,5,'Pdf Document',NULL),(335,47,5,'Word Document',NULL),(336,48,5,'Powerpoint Document',NULL),(337,49,5,'Excel Document',NULL),(338,50,5,'Video File',NULL),(339,51,5,'Audio File',NULL),(340,52,5,'Flash File',NULL),(341,141,5,'After Test Finished, Admin Open Test Result',NULL),(342,142,5,'User Can View Score After Complete Test',NULL),(343,143,5,'User Can View Score And Paper After Complete Test',NULL),(344,162,5,'Approve Order Manaually',NULL),(345,163,5,'Approve Order Automatically',NULL),(346,178,1,'在本国内推荐',NULL),(347,179,1,'在全部国家推荐',NULL),(348,178,5,'Recommand In Local Country',NULL),(349,179,5,'Recommand In All Country',NULL),(350,180,1,'可下载压缩文件',NULL),(351,180,5,'downloadable zip file',NULL),
                           (352,181,1,'准备课程中(暂不对外开放)',NULL),(356,181,5,'In Preparing(not ready to use)',NULL),(353,182,1,'正常使用',NULL),(357,182,5,'Active In Use',NULL),(354,183,1,'失效状态',NULL),(358,183,5,'Inactive Status',NULL),(355,184,1,'删除中',NULL),(359,184,5,'In deleting',NULL),(360,185,1,'组织进行中',NULL),(361,186,1,'已经结束',NULL),(362,185,2,'Scheduled',NULL),(363,186,2,'Ended',NULL),(364,187,1,'现场培训或活动',NULL),(365,188,1,'线上互动',NULL),(366,187,2,'Training Or Activity Offline',NULL),(367,188,2,'Training Or Meeting Online',NULL),(368,189,1,'报名中',NULL),(369,190,1,'不接受报名',NULL),(370,189,2,'apply to join',NULL),(371,190,2,'No Registration',NULL),(372,191,1,'已注册',NULL),(373,192,1,'已参加',NULL),(375,191,2,'Registered',NULL),(377,192,2,'Attended',NULL);

-- for security
truncate table role_resc;
truncate table resourcesValue;
SET FOREIGN_KEY_CHECKS=0;
truncate table resources;
SET FOREIGN_KEY_CHECKS=1;

-- resources
INSERT INTO resources(id, name, res_type, res_string, syscode, pID, ordNo, oper_type, status, path, rescFold, linkID, visible, descn, objectparam, expression) 
            VALUES (1,'系统首页','URL',NULL,'00000002',-1,NULL,NULL,1,'系统首页',0,NULL,1,NULL,NULL,NULL),(2,'系统首页1','URL','/index.jsp','00000002',1,NULL,NULL,1,'1,2,',0,NULL,1,NULL,NULL,NULL),(3,'系统首页2','URL','/index/infor_default.jsp','00000002',1,NULL,NULL,1,'1,3,',0,NULL,1,NULL,NULL,NULL),(4,'系统热门目录','URL','/productcategory/listHotcategory.do','00000002',3,NULL,NULL,1,'1,3,4,',0,NULL,1,NULL,NULL,NULL),(5,'系统目录树','URL','/productcategory/toprodcategorytreepage.do','00000002',3,NULL,NULL,1,'1,3,5,',0,NULL,1,NULL,NULL,NULL),(6,'商品目录树生成xml','URL','/productcategory/prodcategorytree.do','00000002',3,NULL,NULL,1,'1,3,6,',0,NULL,1,NULL,NULL,NULL),(7,'用户选择目录','URL','/productcategory/prodcate_select_all.jsp','00000002',3,NULL,NULL,1,'1,3,7,',0,NULL,1,NULL,NULL,NULL),(8,'系统首页3','URL','/tohome.do','00000002',1,NULL,NULL,1,'1,8,',0,NULL,1,NULL,NULL,NULL),(9,'系统通用查询','URL','/commonsearch.do','00000002',1,NULL,NULL,1,'1,9,',0,NULL,1,NULL,NULL,NULL),(10,'咨询信息','URL',NULL,'00000002',1,NULL,NULL,1,'1,10,',0,NULL,1,NULL,NULL,NULL),(11,'列表页面','URL','/index/listInfonews.do','00000002',10,NULL,NULL,1,'1,10,11,',0,NULL,1,NULL,NULL,NULL),(12,'view页面','URL','/index/viewInfonews.do','00000002',10,NULL,NULL,1,'1,10,12,',0,NULL,1,NULL,NULL,NULL),(13,'培训课程','URL',NULL,'00000002',1,NULL,NULL,1,'1,13,',0,NULL,1,NULL,NULL,NULL),(14,'课程列表','URL','/shopping/searchProductList.do','00000002',13,NULL,NULL,1,'1,13,14,',0,NULL,1,NULL,NULL,NULL),(15,'查看订购课程MainPage','URL','/product/productDetailFromIndex.jsp','00000002',13,NULL,NULL,1,'1,13,15,',0,NULL,1,NULL,NULL,NULL),(16,'查看订购课程','URL','/product/viewCourseToBuy.do','00000002',13,NULL,NULL,1,'1,13,16,',0,NULL,1,'数据检查: 由程序保证',NULL,NULL),(17,'查看课程详细描述','URL','/product/viewproductdesc.do','00000002',13,NULL,NULL,1,'1,13,17,',0,NULL,1,'数据检查: 由程序保证',NULL,NULL),(18,'查看课程目录学习内容','URL','/prodcont/onlyviewprodcate.do','00000002',13,NULL,NULL,1,'1,13,18,',0,NULL,1,'数据检查: 由程序保证',NULL,NULL),(19,'公开活动','URL',NULL,'00000002',1,NULL,NULL,1,'1,19,',0,NULL,1,NULL,NULL,NULL),(20,'公开活动列表(首页)','URL','/product/listOpenactivity.do','00000002',19,NULL,NULL,1,'1,19,20,',0,NULL,1,NULL,NULL,NULL),(21,'公开活动(view)','URL','/product/viewOpenactivity.do','00000002',19,NULL,NULL,1,'1,19,21,',0,NULL,1,'',NULL,NULL),(22,'活动人员列表','URL','/product/listOpenactivitymember.do','00000002',19,NULL,NULL,1,'1,19,22,',0,NULL,1,NULL,NULL,NULL),(23,'公司列表','URL',NULL,'00000002',1,NULL,NULL,1,'1,23,',0,NULL,1,NULL,NULL,NULL),(24,'公司列表页面(搜索)','URL','/shop/listShopIndex.do','00000002',23,NULL,NULL,1,'1,23,24,',0,NULL,1,NULL,NULL,NULL),(25,'进入商店首页','URL','/shop/toshop.do','00000002',23,NULL,NULL,1,'1,23,25,',0,NULL,1,NULL,NULL,NULL),(26,'关于网站页面','URL','/about/**','00000002',1,NULL,NULL,1,'1,26,',0,NULL,1,NULL,NULL,NULL),(27,'管理平台系统','URL','/platform/sysAdmin/sysAdmin_index.jsp','00000002',-1,NULL,NULL,1,'管理平台系统',0,NULL,1,NULL,NULL,NULL),(28,'系统管理banner菜单','URL','/platform/sysAdmin/banner_sysadmin.jsp','00000002',27,NULL,NULL,1,'27,28,',0,NULL,1,NULL,NULL,NULL),(29,'系统管理首页面','URL','/platform/sysAdmin/sysadminMain.jsp','00000002',27,NULL,NULL,1,'27,29,',0,NULL,1,NULL,NULL,NULL),(30,'左侧管理页面菜单','URL','/platform/sysAdmin/leftbar_contentAdmin.jsp','00000002',27,NULL,NULL,1,'27,30,',0,NULL,1,NULL,NULL,NULL),(31,'左侧菜单基本设置','URL','/platform/sysAdmin/basicSet/leftbar_basicSet.jsp','00000002',27,NULL,NULL,1,'27,31,',0,NULL,1,NULL,NULL,NULL),(32,'列出所有子系统','URL','/subsysMag/listSubsys.do','00000002',27,NULL,NULL,1,'27,32,',0,NULL,1,NULL,NULL,NULL),(33,'客户管理系统','URL','/platform/sysAdmin/customerAdmin/leftbar_customerAdmin.jsp','00000002',27,NULL,NULL,1,'27,33,',0,NULL,1,NULL,NULL,NULL),(34,'商店管理','URL',NULL,'00000002',33,NULL,NULL,1,'27,33,34,',0,NULL,1,NULL,NULL,NULL),(35,'商店列表','URL','/shop/listshop.do','00000002',34,NULL,NULL,1,'27,33,34,35,',0,NULL,1,NULL,NULL,NULL),(36,'admin修改商店主页面','URL','/platform/shop/shopMagAdminMain.jsp','00000002',34,NULL,NULL,1,'27,33,34,36,',0,NULL,1,NULL,NULL,NULL),(37,'商店状态变更','URL','/shop/shopStatusChangePage.do','00000002',34,NULL,NULL,1,'27,33,34,37,',0,NULL,1,NULL,NULL,NULL),(38,'保存商店状态变更','URL','/shop/saveShopStatus.do','00000002',34,NULL,NULL,1,'27,33,34,38,',0,NULL,1,NULL,NULL,NULL),(39,'admin修改保存商店','URL','/shop/adminsaveshop.do','00000002',34,NULL,NULL,1,'27,33,34,39,',0,NULL,1,NULL,NULL,NULL),(40,'删除移除商店','URL','/shop/deleteShop.do','00000002',34,NULL,NULL,1,'27,33,34,40,',0,NULL,1,NULL,NULL,NULL),(41,'审核商店申请列表','URL','/shop/listshopapp.do','00000002',34,NULL,NULL,1,'27,33,34,41,',0,NULL,1,NULL,NULL,NULL),(42,'审核商店编辑','URL','/shop/editshopappPage.do','00000002',34,NULL,NULL,1,'27,33,34,42,',0,NULL,1,NULL,NULL,NULL),(43,'审核商店申请','URL','/shop/approveshopapp.do','00000002',34,NULL,NULL,1,'27,33,34,43,',0,NULL,1,NULL,NULL,NULL),(44,'认证商店列表','URL','/shop/listapplyshopauthen.do','00000002',34,NULL,NULL,1,'27,33,34,44,',0,NULL,1,NULL,NULL,NULL),(45,'所有系统用户管理','URL',NULL,'00000002',33,NULL,NULL,1,'27,33,45,',0,NULL,1,NULL,NULL,NULL),(46,'用户列表管理','URL','/customers/listuser.do','00000002',45,NULL,NULL,1,'27,33,45,46,',0,NULL,1,NULL,NULL,NULL),(47,'改变用户状态','URL','/customers/statuschangepage.do','00000002',45,NULL,NULL,1,'27,33,45,47,',0,NULL,1,NULL,NULL,NULL),(48,'保存用户状态改变','URL','/customers/savestatus.do','00000002',45,NULL,NULL,1,'27,33,45,48,',0,NULL,1,NULL,NULL,NULL),(49,'查看用户功能配置','URL','/user/showuseraccountsetting.do','00000002',45,NULL,NULL,1,'27,33,45,49,',0,NULL,1,NULL,NULL,NULL),(50,'更新用户功能配置','URL','/user/updateuseraccountsetting.do','00000002',45,NULL,NULL,1,'27,33,45,50,',0,NULL,1,NULL,NULL,NULL),(51,'删除用户','URL','/customers/deleteuser.do','00000002',45,NULL,NULL,1,'27,33,45,51,',0,NULL,1,NULL,NULL,NULL),(52,'系统用户订单管理','URL',NULL,'00000002',33,NULL,NULL,1,'27,33,52,',0,NULL,1,NULL,NULL,NULL),(53,'系统订单列表管理','URL','/order/listOrderMag.do','00000002',52,NULL,NULL,1,'27,33,52,53,',0,NULL,1,NULL,NULL,NULL),(54,'产品管理','URL',NULL,'00000002',33,NULL,NULL,1,'27,33,54,',0,NULL,1,NULL,NULL,NULL),(55,'产品列表','URL','/product/viewProductListMag.do','00000002',54,NULL,NULL,1,'27,33,54,55,',0,NULL,1,NULL,NULL,NULL),(56,'系统推荐产品','URL','/product/addGoodProduct.do','00000002',54,NULL,NULL,1,'27,33,54,56,',0,NULL,1,NULL,NULL,NULL),(57,'删除系统推荐产品','URL','/product/deleteGoodProduct.do','00000002',54,NULL,NULL,1,'27,33,54,57,',0,NULL,1,NULL,NULL,NULL),(58,'网站内容管理','URL',NULL,'00000002',27,NULL,NULL,1,'27,58,',0,NULL,1,NULL,NULL,NULL),(59,'咨询信息管理','URL',NULL,'00000002',58,NULL,NULL,1,'27,58,59,',0,NULL,1,NULL,NULL,NULL),(60,'新增咨询信息类别','URL','/news/addNewscategory.do','00000002',59,NULL,NULL,1,'27,58,59,60,',0,NULL,1,NULL,NULL,NULL),(61,'编辑咨询信息类别页面','URL','/news/editNewscategory.do','00000002',59,NULL,NULL,1,'27,58,59,61,',0,NULL,1,NULL,NULL,NULL),(62,'保存新增咨询信息类别','URL','/news/saveNewscategory.do','00000002',59,NULL,NULL,1,'27,58,59,62,',0,NULL,1,NULL,NULL,NULL),(63,'更新咨询信息类别内容','URL','/news/updateNewsCate.do','00000002',59,NULL,NULL,1,'27,58,59,63,',0,NULL,1,NULL,NULL,NULL),(64,'保存不同语言咨询信息类别名称','URL','/news/saveNewscategoryValue.do','00000002',59,NULL,NULL,1,'27,58,59,64,',0,NULL,1,NULL,NULL,NULL),(65,'删除咨询信息类别','URL','/news/deleteNewscategory.do','00000002',59,NULL,NULL,1,'27,58,59,65,',0,NULL,1,NULL,NULL,NULL),(66,'删除不同语言咨询信息类别名称','URL','/news/deleteNewscategoryValue.do','00000002',59,NULL,NULL,1,'27,58,59,66,',0,NULL,1,NULL,NULL,NULL),(67,'列出咨询信息管理','URL','/index/listInfonewsMag.do','00000002',59,NULL,NULL,1,'27,58,59,67,',0,NULL,1,NULL,NULL,NULL),(68,'新增咨询信息','URL','/index/addInfonews.do','00000002',59,NULL,NULL,1,'27,58,59,68,',0,NULL,1,NULL,NULL,NULL),(69,'编辑咨询信息','URL','/index/editInfonews.do','00000002',59,NULL,NULL,1,'27,58,59,69,',0,NULL,1,NULL,NULL,NULL),(70,'保存咨询信息','URL','/index/saveInfonews.do','00000002',59,NULL,NULL,1,'27,58,59,70,',0,NULL,1,NULL,NULL,NULL),(71,'删除咨询信息','URL','/index/deleteInfonews.do','00000002',59,NULL,NULL,1,'27,58,59,71,',0,NULL,1,NULL,NULL,NULL),(72,'权限管理','URL','/securityManage/**','00000002',27,NULL,NULL,1,'27,72,',0,NULL,1,NULL,NULL,NULL),(73,'权限管理leftMenu','URL','/securityManage/leftbar_security.jsp','00000002',72,NULL,NULL,1,'27,72,73,',0,NULL,1,NULL,NULL,NULL),(74,'资源权限管理主页面','URL','/securityManage/resources_main.jsp','00000002',72,NULL,NULL,1,'27,72,74,',0,NULL,1,NULL,NULL,NULL),(75,'资源权限树页面','URL','/securityManage/toRescfoldTreePage.do','00000002',72,NULL,NULL,1,'27,72,75,',0,NULL,1,NULL,NULL,NULL),(76,'资源权限树XML生成页面','URL','/securityManage/toRescfoldTreeXml.do','00000002',72,NULL,NULL,1,'27,72,76,',0,NULL,1,NULL,NULL,NULL),(77,'资源权限列表页面','URL','/securityManage/listResources.do','00000002',72,NULL,NULL,1,'27,72,77,',0,NULL,1,NULL,NULL,NULL),(78,'新增资源权限页面','URL','/securityManage/addResourcePage.do','00000002',72,NULL,NULL,1,'27,72,78,',0,NULL,1,NULL,NULL,NULL),(79,'修改资源权限页面','URL','/securityManage/editResourcePage.do','00000002',72,NULL,NULL,1,'27,72,79,',0,NULL,1,NULL,NULL,NULL),(80,'保存资源权限页面','URL','/securityManage/saveResource.do','00000002',72,NULL,NULL,1,'27,72,80,',0,NULL,1,NULL,NULL,NULL),(81,'删除资源权限','URL','/securityManage/deleteResource.do','00000002',72,NULL,NULL,1,'27,72,81,',0,NULL,1,NULL,NULL,NULL),(82,'角色列表','URL','/securityManage/listRoles.do','00000002',72,NULL,NULL,1,'27,72,82,',0,NULL,1,NULL,NULL,NULL),(83,'新增角色页面','URL','/securityManage/addRolePage.do','00000002',72,NULL,NULL,1,'27,72,83,',0,NULL,1,NULL,NULL,NULL),(84,'修改角色页面','URL','/securityManage/editRolePage.do','00000002',72,NULL,NULL,1,'27,72,84,',0,NULL,1,NULL,NULL,NULL),(85,'保存角色','URL','/securityManage/saveRole.do','00000002',72,NULL,NULL,1,'27,72,85,',0,NULL,1,NULL,NULL,NULL),(86,'删除角色','URL','/securityManage/deleteRole.do','00000002',72,NULL,NULL,1,'27,72,86,',0,NULL,1,NULL,NULL,NULL),(87,'为角色新增人员页面','URL','/securityManage/listUsersForRoleAdd.do','00000002',72,NULL,NULL,1,'27,72,87,',0,NULL,1,NULL,NULL,NULL),(88,'为角色保存新增人员','URL','/securityManage/saveRoleUser.do','00000002',72,NULL,NULL,1,'27,72,88,',0,NULL,1,NULL,NULL,NULL),(89,'为角色删除人员','URL','/securityManage/deleteRoleUser.do','00000002',72,NULL,NULL,1,'27,72,89,',0,NULL,1,NULL,NULL,NULL),(90,'角色资源权限管理','URL','/securityManage/roleResources_main.jsp','00000002',72,NULL,NULL,1,'27,72,90,',0,NULL,1,NULL,NULL,NULL),(91,'列出角色配置的资源','URL','/securityManage/listRoleResc.do','00000002',72,NULL,NULL,1,'27,72,91,',0,NULL,1,NULL,NULL,NULL),(92,'为角色新增资源权限页面','URL','/securityManage/listRescsForRoleAdd.do','00000002',72,NULL,NULL,1,'27,72,92,',0,NULL,1,NULL,NULL,NULL),(93,'为角色保存资源权限','URL','/securityManage/saveRoleResc.do','00000002',72,NULL,NULL,1,'27,72,93,',0,NULL,1,NULL,NULL,NULL),(94,'为角色删除资源权限','URL','/securityManage/deleteRoleResc.do','00000002',72,NULL,NULL,1,'27,72,94,',0,NULL,1,NULL,NULL,NULL),(95,'平台基础设置','URL','/sysAdmin/basicSet/leftbar_basicSet.jsp','00000002',27,NULL,NULL,1,'27,95,',0,NULL,1,NULL,NULL,NULL),(96,'系统支持语言设置','URL','/i18n/i18n.do','00000002',95,NULL,NULL,1,'27,95,96,',0,NULL,1,NULL,NULL,NULL),(97,'语言导入界面','URL','/platform/i18n/i18n_import.jsp','00000002',96,NULL,NULL,1,'27,95,96,97,',0,NULL,1,NULL,NULL,NULL),(98,'商品目录设置','URL',NULL,'00000002',95,NULL,NULL,1,'27,95,98,',0,NULL,1,NULL,NULL,NULL),(99,'全部目录管理','URL',NULL,'00000002',98,NULL,NULL,1,'27,95,98,99,',0,NULL,1,NULL,NULL,NULL),(100,'商品目录主页面','URL','/productcategory/productcategory_main.jsp','00000002',99,NULL,NULL,1,'27,95,98,99,100,',0,NULL,1,NULL,NULL,NULL),(101,'商品目录列表','URL','/productcategory/listproductcategory.do','00000002',99,NULL,NULL,1,'27,95,98,99,101,',0,NULL,1,NULL,NULL,NULL),(102,'新增商品目录页面','URL','/productcategory/addproductcategory.do','00000002',99,NULL,NULL,1,'27,95,98,99,102,',0,NULL,1,NULL,NULL,NULL),(103,'编辑商品目录页面','URL','/productcategory/editproductcategory.do','00000002',99,NULL,NULL,1,'27,95,98,99,103,',0,NULL,1,NULL,NULL,NULL),(104,'保存商品产品目录','URL','/productcategory/saveproductcategory.do','00000002',99,NULL,NULL,1,'27,95,98,99,104,',0,NULL,1,NULL,NULL,NULL),(105,'查看view商品目录','URL','/productcategory/viewproductcategory.do','00000002',99,NULL,NULL,1,'27,95,98,99,105,',0,NULL,1,NULL,NULL,NULL),(106,'删除商品目录','URL','/productcategory/delproductcategory.do','00000002',99,NULL,NULL,1,'27,95,98,99,106,',0,NULL,1,NULL,NULL,NULL),(107,'商品目录value列表','URL','/productcategory/listProductcategoryvalue.do','00000002',99,NULL,NULL,1,'27,95,98,99,107,',0,NULL,1,NULL,NULL,NULL),(108,'保存商品目录value','URL','/productcategory/saveProductcategoryvalue.do','00000002',99,NULL,NULL,1,'27,95,98,99,108,',0,NULL,1,NULL,NULL,NULL),(109,'编辑商品目录value','URL','/productcategory/editProductcategoryvalue.do','00000002',99,NULL,NULL,1,'27,95,98,99,109,',0,NULL,1,NULL,NULL,NULL),(110,'新增商品目录value','URL','/productcategory/addProductcategoryvalue.do','00000002',99,NULL,NULL,1,'27,95,98,99,110,',0,NULL,1,NULL,NULL,NULL),(111,'删除商品目录value','URL','/productcategory/deleteProductcategoryvalue.do','00000002',99,NULL,NULL,1,'27,95,98,99,111,',0,NULL,1,NULL,NULL,NULL),(112,'产品目录适用系统列表','URL','/productcategory/listSysproductcate.do','00000002',99,NULL,NULL,1,'27,95,98,99,112,',0,NULL,1,NULL,NULL,NULL),(113,'产品目录保存系统code','URL','/productcategory/saveSysproductcate.do','00000002',99,NULL,NULL,1,'27,95,98,99,113,',0,NULL,1,NULL,NULL,NULL),(114,'产品目录删除系统code','URL','/productcategory/deleteSysproductcate.do','00000002',99,NULL,NULL,1,'27,95,98,99,114,',0,NULL,1,NULL,NULL,NULL),(115,'热门目录管理','URL','/productcategory/magHotcategory.do','00000002',98,NULL,NULL,1,'27,95,98,115,',0,NULL,1,NULL,NULL,NULL),(116,'新增热门目录','URL','/productcategory/addHotcategory.do','00000002',115,NULL,NULL,1,'27,95,98,115,116,',0,NULL,1,NULL,NULL,NULL),(117,'保存热门目录','URL','/productcategory/saveHotcategory.do','00000002',115,NULL,NULL,1,'27,95,98,115,117,',0,NULL,1,NULL,NULL,NULL),(118,'删除热门目录页面','URL','/productcategory/hotcategory_delete.jsp','00000002',115,NULL,NULL,1,'27,95,98,115,118,',0,NULL,1,NULL,NULL,NULL),(119,'删除热门目录','URL','/productcategory/delHotcategory.do','00000002',115,NULL,NULL,1,'27,95,98,115,119,',0,NULL,1,NULL,NULL,NULL),(120,'系统常量管理','URL','/basicset/sysconst.do','00000002',95,NULL,NULL,1,'27,95,120,',0,NULL,1,NULL,NULL,NULL),(121,'系统常量value管理','URL','/basicset/sysconstval.do','00000002',120,NULL,NULL,1,'27,95,120,121,',0,NULL,1,NULL,NULL,NULL),(122,'常量子条目管理','URL','/basicset/sysconstitem.do','00000002',120,NULL,NULL,1,'27,95,120,122,',0,NULL,1,NULL,NULL,NULL),(123,'常量子条目value管理','URL','/basicset/sysconstitemval.do','00000002',120,NULL,NULL,1,'27,95,120,123,',0,NULL,1,NULL,NULL,NULL),(124,'系统参数管理','URL','/basicset/sysparam.do','00000002',95,NULL,NULL,1,'27,95,124,',0,NULL,1,NULL,NULL,NULL),(125,'功能收费管理','URL','/sysadmin/sysfunctionitem.do','00000002',95,NULL,NULL,1,'27,95,125,',0,NULL,1,NULL,NULL,NULL),(126,'用户注册登录','URL',NULL,'00000002',-1,NULL,NULL,1,'用户注册登录',0,NULL,1,NULL,NULL,NULL),(127,'验证码地址','URL','/captcha.png','00000002',126,NULL,NULL,1,'126,127,',0,NULL,1,NULL,NULL,NULL),(128,'用户注册页面','URL','/customers/adduser.do','00000002',126,NULL,NULL,1,'126,128,',0,NULL,1,NULL,NULL,NULL),(129,'保存用户注册信息','URL','/customers/registeruser.do','00000002',126,NULL,NULL,1,'126,129,',0,NULL,1,NULL,NULL,NULL),(130,'用户登录界面','URL','/tologin.do','00000002',126,NULL,NULL,1,'126,130,',0,NULL,1,NULL,NULL,NULL),(131,'用户登录页','URL','/login.jsp','00000002',126,NULL,NULL,1,'126,131,',0,NULL,1,NULL,NULL,NULL),(132,'用户登录页2','URL','/login_forward.jsp','00000002',126,NULL,NULL,1,'126,132,',0,NULL,1,NULL,NULL,NULL),(133,'用户登录','URL','/login.do','00000002',126,NULL,NULL,1,'126,133,',0,NULL,1,NULL,NULL,NULL),(134,'to激活新用户页面','URL','/customers/activenewuserpage.do','00000002',126,NULL,NULL,1,'126,134,',0,NULL,1,NULL,NULL,NULL),(135,'商店用户激活帐号','URL','/customers/activeuserregister.do','00000002',126,NULL,NULL,1,'126,135,',0,NULL,1,NULL,NULL,NULL),(136,'忘记密码link页面','URL','/platform/user/userforgetpass.jsp','00000002',126,NULL,NULL,1,'126,136,',0,NULL,1,NULL,NULL,NULL),(137,'请求邮件重置密码','URL','/customers/requestresetpassemail.do','00000002',126,NULL,NULL,1,'126,137,',0,NULL,1,NULL,NULL,NULL),(138,'to密码重置页面','URL','/customers/toresetpassmailpage.do','00000002',126,NULL,NULL,1,'126,138,',0,NULL,1,NULL,NULL,NULL),(139,'保存邮件重置密码','URL','/customers/saveresetpassmail.do','00000002',126,NULL,NULL,1,'126,139,',0,NULL,1,NULL,NULL,NULL),(140,'处理social登录成功','URL','/social/saveloginwith.do','00000002',126,NULL,NULL,1,'126,140,',0,NULL,1,NULL,NULL,NULL),(141,'购物车管理','URL',NULL,'00000002',-1,NULL,NULL,1,'购物车管理',0,NULL,1,NULL,NULL,NULL),(142,'查看购物车','URL','/shopping/shoppingcartList.do','00000002',141,NULL,NULL,1,'141,142,',0,NULL,1,NULL,NULL,NULL),(143,'加入购物车','URL','/shopping/addProdToCart.do','00000002',141,NULL,NULL,1,'141,143,',0,NULL,1,NULL,NULL,NULL),(144,'清空购物车','URL','/shopping/cancelShoppingOrder.do','00000002',141,NULL,NULL,1,'141,144,',0,NULL,1,NULL,NULL,NULL),(145,'从购物车中删除一个产品','URL','/shopping/delProdFromCart.do','00000002',141,NULL,NULL,1,'141,145,',0,NULL,1,NULL,NULL,NULL),(146,'提交订单','URL','/order/geneOrder.do','00000002',141,NULL,NULL,1,'141,146,',0,NULL,1,NULL,NULL,NULL),(147,'用户界面','URL',NULL,'00000002',-1,NULL,NULL,1,'用户界面',0,NULL,1,NULL,NULL,NULL),(148,'我的主页','URL','/user/myhomepage.do','00000002',147,NULL,NULL,1,'147,148,',0,NULL,1,NULL,NULL,NULL),(149,'列出通知消息','URL','/userAdmin/listnotification.do','00000002',147,NULL,NULL,1,'147,149,',0,NULL,1,NULL,NULL,NULL),(150,'新增通知消息','URL','/userAdmin/addnotification.do','00000002',147,NULL,NULL,1,'147,150,',0,NULL,1,'程序控制数据检查',NULL,NULL),(151,'保存通知消息','URL','/userAdmin/savenotification.do','00000002',147,NULL,NULL,1,'147,151,',0,NULL,1,'程序控制数据检查',NULL,NULL),(152,'阅读通知消息','URL','/userAdmin/readnotification.do','00000002',147,NULL,NULL,1,'147,152,',0,NULL,1,'程序控制数据检查',NULL,NULL),(153,'删除通知消息','URL','/userAdmin/deletenotification.do','00000002',147,NULL,NULL,1,'147,153,',0,NULL,1,'程序控制数据检查',NULL,NULL),(154,'基本信息Profile','URL','','00000002',147,NULL,NULL,1,'147,154,',0,NULL,1,NULL,NULL,NULL),(155,'用户基本信息查看页面','URL','/customers/viewuser.do','00000002',154,NULL,NULL,1,'154,155,',0,NULL,1,NULL,NULL,NULL),(156,'用户基本信息修改页面','URL','/customers/edituser.do','00000002',154,NULL,NULL,1,'154,156,',0,NULL,1,'数据检查，只能save自己的信息',NULL,NULL),(157,'用户基本信息保存修改','URL','/customers/saveuser.do','00000002',154,NULL,NULL,1,'154,157,',0,NULL,1,'数据检查，只能save自己的信息',NULL,NULL),(158,'修改密码页面','URL','/platform/user/user_updPassword.jsp','00000002',154,NULL,NULL,1,'154,158,',0,NULL,1,NULL,NULL,NULL),(159,'保存修改密码','URL','/customers/updatepassword.do','00000002',154,NULL,NULL,1,'154,159,',0,NULL,1,'数据检查，只能update自己的信息',NULL,NULL),(160,'view用户的profile','URL','/customers/viewprofile.do','00000002',154,NULL,NULL,1,'154,160,',0,NULL,1,NULL,NULL,NULL),(161,'我的社交','URL','','00000002',147,NULL,NULL,1,'147,161,',0,NULL,1,NULL,NULL,NULL),(162,'我的公开活动','URL','/product/listMyOpenactivity.do','00000002',161,NULL,NULL,1,'147,161,162,',0,NULL,1,'应用保证',NULL,NULL),(163,'报名参加活动页面','URL','/product/toJoinActivityPage.do','00000002',161,NULL,NULL,1,'147,161,163,',0,NULL,1,'应用保证',NULL,NULL),(164,'保存参加活动信息','URL','/product/joinOpenactivity.do','00000002',161,NULL,NULL,1,'147,161,164,',0,NULL,1,'数据检查:活动的创办人, 或者用户自己修改。在code中校验',NULL,NULL),(165,'编辑参加活动页面','URL','/product/editOpenactivitymember.do','00000002',161,NULL,NULL,1,'147,161,165,',0,NULL,1,'数据检查:',NULL,NULL),(166,'取消参加该活动','URL','/product/userleaveactivity.do','00000002',161,NULL,NULL,1,'147,161,166,',0,NULL,1,'数据检查:只有自己才能取消，code中实现',NULL,NULL),(167,'学习园地','URL',NULL,'00000002',147,NULL,NULL,1,'147,167,',0,NULL,1,NULL,NULL,NULL),(168,'我的课程','URL','/product/myUserproduct.do','00000002',167,NULL,NULL,1,'147,167,168,',0,NULL,1,'数据检查:程序过滤检查',NULL,NULL),(169,'课程综合提示','URL','/notice/myCourseLearnNotice.do','00000002',168,NULL,NULL,1,'147,167,168,169,',0,NULL,1,NULL,NULL,NULL),(170,'view用户产品Main页面','URL','/userproduct/userproduct_view_main.jsp','00000002',168,NULL,NULL,1,'147,167,168,170,',0,NULL,1,'数据检查:不需要',NULL,NULL),(171,'view用户产品具体信息','URL','/product/viewUserproduct.do','00000002',168,NULL,NULL,1,'147,167,168,171,',0,NULL,1,'数据检查:是否是属于用户自己的产品或者产品管理员','objectidname:vo.userproductid, objecttype:userproduct','<or><eq><senv>userid</senv><property>userid</property></eq><roleOr>ROLE_ProductAdminAccessor</roleOr></or>'),(172,'课程公告列表','URL','/product/listcoursepost.do','00000002',168,NULL,NULL,1,'147,167,168,172,',0,NULL,1,'数据检查:检查用户是否选修了该课程','objectidname:vo.productbaseid, objecttype:product','<or><empty><requestparam>vo.productbaseid</requestparam></empty><and><notEmpty><requestparam>vo.productbaseid</requestparam></notEmpty><roleOr>ROLE_ProductAccessor</roleOr></and></or>'),(173,'学习主页面Page','URL','/learncont/learn_main.jsp','00000002',168,NULL,NULL,1,'147,167,168,173,',0,NULL,1,'数据检查:',NULL,NULL),(174,'继续学习链接','URL','/learncont/autolearn.do','00000002',168,NULL,NULL,1,'147,167,168,174,',0,NULL,1,'数据检查:用户是否学习了该产品','objectidname:queryVO.productbaseid, objecttype:product',NULL),(175,'My课程学习资料页面','URL','/learncont/selfLearncontent.do','00000002',168,NULL,NULL,1,'147,167,168,175,',0,NULL,1,'数据检查:程序检查是否是属于用户自己的产品',NULL,NULL),(176,'view学习资料页面','URL','/learncont/viewLearncontent.do','00000002',168,NULL,NULL,1,'147,167,168,176,',0,NULL,1,'数据检查:检查是否对product有access权利','objectidname:vo.contentid, objecttype:learncontent',NULL),(177,'课程章节内容side列表','URL','/learncont/listcontentsidebar.do','00000002',168,NULL,NULL,1,'147,167,168,177,',0,NULL,1,'数据检查: 是否对product有权限','objectidname:productbaseid, objecttype:product',NULL),(178,'下载学习资料页面','URL','/learncont/downloadlearnfile.do','00000002',168,NULL,NULL,1,'147,167,168,178,',0,NULL,1,'数据检查: 是否对product有权限','objectidname:productbaseid, objecttype:product',NULL),(179,'标记资料学习完成','URL','/learncont/markfinishlearn.do','00000002',168,NULL,NULL,1,'147,167,168,179,',0,NULL,1,'数据检查: 是否对product有权限','objectidname:vo.contentid, objecttype:learncontent',NULL),(180,'进入测试练习大厅','URL','/exercise/beforeDoExercise.do','00000002',168,NULL,NULL,1,'147,167,168,180,',0,NULL,1,'数据检查:是否有权限access product','objectidname:exerid, objecttype:exercise',NULL),(181,'开始作答练习','URL','/exercise/enterExercise.do','00000002',168,NULL,NULL,1,'147,167,168,181,',0,NULL,1,'数据检查:是否有权限access product','objectidname:exerid, objecttype:exercise',NULL),(182,'练习切换上下题','URL','/exercise/examQuesShift.do','00000002',168,NULL,NULL,1,'147,167,168,182,',0,NULL,1,'数据检查:检查exerid是否是用户的',NULL,NULL),(183,'练习提交题目答案','URL','/exercise/checkQues.do','00000002',168,NULL,NULL,1,'147,167,168,183,',0,NULL,1,'数据检查:检查exerid是否是用户的',NULL,NULL),(184,'完成提交练习','URL','/exercise/submitExercise.do','00000002',168,NULL,NULL,1,'147,167,168,184,',0,NULL,1,'数据检查:检查exerid是否是用户的',NULL,NULL),(185,'我的考试','URL','/exam/listTestinfouser.do','00000002',167,NULL,NULL,1,'147,167,185,',0,NULL,1,'数据检查:不需要，根据当前用户过滤',NULL,NULL),(186,'进入考试大厅','URL','/exam/enterTestHall.do','00000002',185,NULL,NULL,1,'147,167,185,186,',0,NULL,1,'数据检查:检查testid是否是用户的','objectidname:vo.testid, objecttype:testinfo',NULL),(187,'开始考试','URL','/exam/testExamInit.do','00000002',185,NULL,NULL,1,'147,167,185,187,',0,NULL,1,'数据检查:检查testid是否是用户的, 在class logic中检查',NULL,NULL),(188,'考试试卷切换题型','URL','/exam/selfExamShift.do','00000002',185,NULL,NULL,1,'147,167,185,188,',0,NULL,1,'数据检查:检查testid是否是用户的 ,应用程序class logic检查',NULL,NULL),(189,'考试试卷提交试卷','URL','/exam/selfExamSubmit.do','00000002',185,NULL,NULL,1,'147,167,185,189,',0,NULL,1,'数据检查:检查testid是否是用户的 ,应用程序class logic检查',NULL,NULL),(190,'清除用户考试答案','URL','/exam/cleanUseranswer.do','00000002',185,NULL,NULL,1,'147,167,185,190,',0,NULL,1,NULL,NULL,NULL),(191,'用户暂停考试','URL','/exam/suspendTest.do','00000002',185,NULL,NULL,1,'147,167,185,191,',0,NULL,1,'数据检查:检查testid是否是用户的',NULL,NULL),(192,'查看试卷考试结果','URL','/exam/seeExamerResult.do','00000002',185,NULL,NULL,1,'147,167,185,192,',0,NULL,1,'数据检查:检查testid是否是用户的, 本test所属的ProductManager或者ShopAdmin或ShopCreator都可以看到','objectidname:testid, objecttype:testinfo',NULL),(193,'查看考卷分页切换','URL','/exam/examResultShift.do','00000002',185,NULL,NULL,1,'147,167,185,193,',0,NULL,1,'数据检查:检查testid是否是用户的',NULL,NULL),(194,'进入公开考试大厅','URL','/exam/enteropentesthall.do','00000002',185,NULL,NULL,1,'147,167,185,194,',0,NULL,1,'数据检查:检查test是否是open的，由logic code处理',NULL,NULL),(195,'参加公开考试','URL','/exam/joinopentest.do','00000002',185,NULL,NULL,1,'147,167,185,195,',0,NULL,1,'',NULL,NULL),(196,'我的订单','URL','/order/myOrderlist.do','00000002',196,NULL,NULL,1,'147,167,196,',0,NULL,1,NULL,NULL,NULL),(197,'查看订单详情','URL','/order/viewOrderUser.do','00000002',196,NULL,NULL,1,'147,167,196,197,',0,NULL,1,'数据检查:orderid是否是用户的,或者是商店管理员,使用表达式','objectidname:queryVO.orderid, objecttype:custorder','<or><eq><senv>userid</senv><property>userid</property></eq><and><roleOr>ROLE_ShopCreator,ROLE_ShopAdmin</roleOr><eq><senv>shopid</senv><property>shopid</property></eq></and></or>'),(198,'编辑订单备注','URL','/order/editCustNotes.do','00000002',196,NULL,NULL,1,'147,167,196,198,',0,NULL,1,'数据检查:orderid是否是用户自己的','objectidname:vo.orderid, objecttype:custorder','<eq><senv>userid</senv><property>userid</property></eq>'),(199,'撤销订单','URL','/order/cancelOrder.do','00000002',196,NULL,NULL,1,'147,167,196,199,',0,NULL,1,'数据检查:orderid是否是用户自己的','objectidname:queryVO.orderid, objecttype:custorder','<eq><senv>userid</senv><property>userid</property></eq>'),(200,'我的商店信息','URL',NULL,'00000002',147,NULL,NULL,1,'147,200,',0,NULL,1,NULL,NULL,NULL),(201,'开设的商店','URL','/shop/myOwnShops.do','00000002',200,NULL,NULL,1,'147,200,201,',0,NULL,1,NULL,NULL,NULL),(202,'查看view商店(开设的商店)','URL','/shop/viewshoppage.do','00000002',200,NULL,NULL,1,'147,200,202,',0,NULL,1,NULL,NULL,NULL),(203,'查看商店状态变化(开设的商店)','URL','/shop/listshopstatus.do','00000002',200,NULL,NULL,1,'147,200,203,',0,NULL,1,'该res_string在目录\"管理平台系统-客户管理系统-商店管理\"中也有. 数据检查:shopid是否是用户自己的or角色是超级用户或者数据管理员','objectidname:vo.shopid, objecttype:shop',NULL),(204,'申请商店记录(开设的商店)','URL','/shop/listmyshopapp.do','00000002',200,NULL,NULL,1,'147,200,204,',0,NULL,1,NULL,NULL,NULL),(205,'查看商店申请记录','URL','/shop/viewshopappPage.do','00000002',200,NULL,NULL,1,'147,200,205,',0,NULL,1,NULL,NULL,NULL),(206,'我要开店(开设的商店)','URL','/shop/applyNewShop.do','00000002',200,NULL,NULL,1,'147,200,206,',0,NULL,1,'该res_string在目录\"管理平台系统-客户管理系统-商店管理\"中也有',NULL,NULL),(207,'保存申请店铺','URL','/shop/saveApplyNewShop.do','00000002',200,NULL,NULL,1,'147,200,207,',0,NULL,1,NULL,NULL,NULL),(208,'删除申请店铺记录','URL','/shop/delshopapp.do','00000002',200,NULL,NULL,1,'147,200,208,',0,NULL,1,NULL,NULL,NULL),(209,'选择加入的商店','URL','/usercontext/listshopforuser.do','00000002',200,NULL,NULL,1,'147,200,209,',0,NULL,1,NULL,NULL,NULL),(210,'商店首页','URL','/shop/shop_default.jsp','00000002',-1,NULL,NULL,1,'商店首页',0,NULL,1,NULL,NULL,NULL),(211,'商店简介(viewOnly)','URL','/shop/viewshopintroduce.do','00000002',210,NULL,NULL,1,'210,211,',0,NULL,1,NULL,NULL,NULL),(212,'查看商店通知列表','URL','/shop/shoppostviewlist.do','00000002',210,NULL,NULL,1,'210,212,',0,NULL,1,NULL,NULL,NULL),(213,'查看具体商店通知','URL','/shop/viewShoppost.do','00000002',210,NULL,NULL,1,'210,213,',0,NULL,1,NULL,NULL,NULL),(214,'师资力量','URL','/shop/viewshopdescarticle.do','00000002',210,NULL,NULL,1,'210,214,',0,NULL,1,NULL,NULL,NULL),(215,'联系地址(viewOnly)','URL','/shop/listshopcontactpublic.do','00000002',210,NULL,NULL,1,'210,215,',0,NULL,1,NULL,NULL,NULL),(216,'培训课程(本商店)','URL','/shop/shop_productindex.jsp','00000002',210,NULL,NULL,1,'210,13,',0,NULL,1,NULL,NULL,NULL),(217,'推荐课程|免费课程|列出商店课程(培训课程)','URL','/product/listshopopenproduct.do','00000002',210,NULL,NULL,1,'210,217,',0,NULL,1,NULL,NULL,NULL),(218,'商店课程目录树生成xml','URL','/productcategory/shoprodcateTree.do','00000002',210,NULL,NULL,1,'210,218,',0,NULL,1,NULL,NULL,NULL),(219,'商店后台管理','URL',NULL,'00000002',-1,NULL,NULL,1,'商店后台管理',0,NULL,1,NULL,NULL,NULL),(220,'列出可使用产品下拉菜单','URL','/usercontext/listCanuseprod.do','00000002',219,NULL,NULL,1,'219,220,',0,NULL,1,NULL,NULL,NULL),(221,'管理商店','URL',NULL,'00000002',219,NULL,NULL,1,'219,221,',0,NULL,1,NULL,NULL,NULL),(222,'管理商店主页面','URL','/shop/shop_manageindex.jsp','00000002',221,NULL,NULL,1,'219,221,',0,NULL,1,NULL,'objectidname:shopid, objecttype:shop',NULL),(223,'商店管理信息台','URL','/shop/shopmagmessage.do','00000002',221,NULL,NULL,1,'219,221,223,',0,NULL,1,'数据检查:程序用shopid检查','objectidname:shopid, objecttype:shop',NULL),(224,'商店功能配置','URL',NULL,'00000002',221,NULL,NULL,1,'219,221,224,',0,NULL,1,NULL,NULL,NULL),(225,'订单自动审批设置','URL','/shop/showorderapproveconfig.do','00000002',224,NULL,NULL,1,'219,221,224,225,',0,NULL,1,'数据检查:对shop是否有管理功能','objectidname:shopid, objecttype:shop',NULL),(226,'修改订单自动审批页面','URL','/order/setapproveorderfunc.jsp','00000002',224,NULL,NULL,1,'219,221,224,226,',0,NULL,1,'数据检查:对shop是否有管理功能','objectidname:shopid, objecttype:shop',NULL),(227,'保存订单自动审批设置','URL','/shop/saveorderapprovefunc.do','00000002',224,NULL,NULL,1,'219,221,224,227,',0,NULL,1,'数据检查:对shop是否有管理功能','objectidname:shopid, objecttype:shop',NULL),(228,'删除订单自动审批设置','URL','/shop/deletefunction.do','00000002',224,NULL,NULL,1,'219,221,224,228,',0,NULL,1,'数据检查:对shop是否有管理功能','objectidname:shopid, objecttype:shop',NULL),(229,'商店设置','URL',NULL,'00000002',221,NULL,NULL,1,'219,221,229,',0,NULL,1,NULL,NULL,NULL),(230,'基本设置(view)','URL','/shop/viewshopeditpage.do','00000002',229,NULL,NULL,1,'219,221,229,230,',0,NULL,1,'数据检查:商店是否是用户所在的商店','objectidname:queryVO.shopid, objecttype:shop','<or><empty><requestparam>queryVO.shopid</requestparam></empty><and><notEmpty><requestparam>queryVO.shopid</requestparam></notEmpty><call class=\"netTestWeb.security.PolicyCheckUserShop\"><param name=\"sessShopid\"><senv>shopid</senv></param><param name=\"objectID\"><requestparam>queryVO.shopid</requestparam></param><param name=\"objectType\"><value>shop</value></param></call></and></or>'),(231,'基本设置(编辑)','URL','/shop/editshoppage.do','00000002',229,NULL,NULL,1,'219,221,229,231,',0,NULL,1,'在目录“管理平台系统-客户管理系统-商店管理”中也有. 数据检查:商店是否是用户所在的商店','objectidname:queryVO.shopid, objecttype:shop',NULL),(232,'基本设置(保存编辑)','URL','/shop/updatesaveshop.do','00000002',229,NULL,NULL,1,'219,221,229,232,',0,NULL,1,'数据检查:商店是否是用户所在的商店','objectidname:vo.shopid, objecttype:shop',NULL),(233,'商店简介(view)','URL','/shop/viewshopdescedit.do','00000002',229,NULL,NULL,1,'219,221,229,233,',0,NULL,1,'数据检查:是否对该商店用权限','objectidname:queryVO.shopid, objecttype:shop',NULL),(234,'商店简介(编辑)','URL','/shop/editshopdescript.do','00000002',229,NULL,NULL,1,'219,221,229,234,',0,NULL,1,'数据检查:商店是否是用户所在的商店','objectidname:queryVO.shopid, objecttype:shop',NULL),(235,'商店简介(保存编辑)','URL','/shop/saveshopdescript.do','00000002',229,NULL,NULL,1,'219,221,229,235,',0,NULL,1,'数据检查:商店是否是用户所在的商店','objectidname:vo.shopvalueid, objecttype:shop',NULL),(236,'公告管理(list)','URL','/shop/listShoppost.do','00000002',229,NULL,NULL,1,'219,221,229,236,',0,NULL,1,'数据检查:由程序保证',NULL,NULL),(237,'公告管理(新增)','URL','/shop/addShoppost.do','00000002',229,NULL,NULL,1,'219,221,229,237,',0,NULL,1,'数据检查:shopid是否是用户所在的商店',NULL,NULL),(238,'公告管理(编辑)','URL','/shop/editShoppost.do','00000002',229,NULL,NULL,1,'219,221,229,238,',0,NULL,1,'数据检查:shopid是否是用户所在的商店','objectidname:queryVO.id, objecttype:shoppost',NULL),(239,'公告管理(保存编辑)','URL','/shop/saveShoppost.do','00000002',229,NULL,NULL,1,'219,221,229,239,',0,NULL,1,'数据检查:shopid是否是用户所在的商店','objectidname:vo.id, objecttype:shoppost',NULL),(240,'公告管理(删除)','URL','/shop/deleteShoppost.do','00000002',229,NULL,NULL,1,'219,221,229,240,',0,NULL,1,'数据检查:shopid是否是用户所在的商店','objectidname:vo.id, objecttype:shoppost',NULL),(241,'公开活动(新增)','URL','/product/addOpenactivity.do','00000002',229,NULL,NULL,1,'219,221,229,241,',0,NULL,1,'数据检查: 只要是商店中任何管理员都可创建活动',NULL,NULL),(242,'公开活动(编辑)','URL','/product/editOpenactivity.do','00000002',229,NULL,NULL,1,'219,221,229,242,',0,NULL,1,'数据检查:',NULL,'<call class=\"netTestWeb.security.PolicyCheckUserShop\"><param name=\"sessShopid\"><senv>shopid</senv></param><param name=\"objectID\"><requestparam>vo.activityid</requestparam></param><param name=\"objectType\"><value>openactivity</value></param></call>'),(243,'公开活动(保存编辑)','URL','/product/saveOpenactivity.do','00000002',229,NULL,NULL,1,'219,221,229,243,',0,NULL,1,'数据检查:',NULL,'<or><empty><requestparam>vo.activityid</requestparam></empty><and><notEmpty><requestparam>vo.activityid</requestparam></notEmpty><call class=\"netTestWeb.security.PolicyCheckUserShop\"><param name=\"sessShopid\"><senv>shopid</senv></param><param name=\"objectID\"><requestparam>vo.activityid</requestparam></param><param name=\"objectType\"><value>openactivity</value></param></call></and></or>'),(244,'公开活动(删除)','URL','/product/deleteOpenactivity.do','00000002',229,NULL,NULL,1,'219,221,229,244,',0,NULL,1,'数据检查: 应该是商店管理员和产品管理员可以管理自己的',NULL,'<or><and><call class=\"netTestWeb.security.PolicyCheckUserShop\"><param name=\"sessShopid\"><senv>shopid</senv></param><param name=\"objectID\"><requestparam>vo.activityid</requestparam></param><param name=\"objectType\"><value>openactivity</value></param></call><roleOr>ROLE_ShopCreator,ROLE_ShopAdmin</roleOr></and><and><eq><senv>userid</senv><property>creatorid</property></eq></and></or>'),(245,'教师介绍(view)','URL','/shop/viewshopdescarticleedit.do','00000002',229,NULL,NULL,1,'219,221,229,245,',0,NULL,1,'数据检查:暂不需要检查',NULL,NULL),(246,'新增教师介绍','URL','/shop/addshopdescarticle.do','00000002',229,NULL,NULL,1,'219,221,229,246,',0,NULL,1,'数据检查:程序处理',NULL,NULL),(247,'教师介绍(编辑)','URL','/shop/editshopdescarticle.do','00000002',229,NULL,NULL,1,'219,221,229,247,',0,NULL,1,'数据检查:shopid是否是用户所在的商店',NULL,NULL),(248,'教师介绍(保存编辑)','URL','/shop/saveshopdescarticle.do','00000002',229,NULL,NULL,1,'219,221,229,248,',0,NULL,1,'数据检查:shopid是否是用户所在的商店','objectidname:vo.articleid, objecttype:shopdescarticle',NULL),(249,'教师介绍(删除)','URL','/shop/deleteshopdescarticle.do','00000002',229,NULL,NULL,1,'219,221,229,249,',0,NULL,1,'数据检查:shopid是否是用户所在的商店','objectidname:vo.articleid, objecttype:shopdescarticle',NULL),(250,'联系信息(list)','URL','/shop/listshopcontact.do','00000002',229,NULL,NULL,1,'219,221,229,250,',0,NULL,1,NULL,NULL,NULL),(251,'联系信息(新增)','URL','/shop/addshopcontact.do','00000002',229,NULL,NULL,1,'219,221,229,251,',0,NULL,1,'数据检查:shopid是否是用户所在的商店',NULL,NULL),(252,'联系信息(编辑)','URL','/shop/editshopcontact.do','00000002',229,NULL,NULL,1,'219,221,229,252,',0,NULL,1,'数据检查:shopid是否是用户所在的商店','objectidname:queryVO.contactinfoid, objecttype:shopcontactinfo',NULL),(253,'联系信息(保存编辑)','URL','/shop/saveshopcontact.do','00000002',229,NULL,NULL,1,'219,221,229,253,',0,NULL,1,'数据检查:shopid是否是用户所在的商店','objectidname:vo.shopid, objecttype:shop',NULL),(254,'联系信息(view编辑)','URL','/shop/viewshopcontact.do','00000002',229,NULL,NULL,1,'219,221,229,254,',0,NULL,1,'数据检查:shopid是否是用户所在的商店','objectidname:queryVO.contactinfoid, objecttype:shopcontactinfo',NULL),(255,'联系信息(删除)','URL','/shop/delshopcontact.do','00000002',229,NULL,NULL,1,'219,221,229,255,',0,NULL,1,'数据检查:shopid是否是用户所在的商店','objectidname:vo.contactinfoid, objecttype:shopcontactinfo',NULL),(256,'修改商店样式','URL','/shop/editshopstyle.do','00000002',229,NULL,NULL,1,'219,221,229,256,',0,NULL,1,'数据检查:商店是否是用户所在的商店','objectidname:vo.shopid, objecttype:shop','<or><empty><requestparam>vo.shopid</requestparam></empty><and><notEmpty><requestparam>vo.shopid</requestparam></notEmpty><call class=\"netTestWeb.security.PolicyCheckUserShop\"><param name=\"sessShopid\"><senv>shopid</senv></param><param name=\"objectID\"><requestparam>vo.shopid</requestparam></param><param name=\"objectType\"><value>shop</value></param></call></and></or>'),(257,'保存商店样式','URL','/shop/saveshopstyle.do','00000002',229,NULL,NULL,1,'219,221,229,257,',0,NULL,1,'数据检查:商店是否是用户所在的商店','objectidname:vo.shopid, objecttype:shop','<or><empty><requestparam>vo.shopid</requestparam></empty><and><notEmpty><requestparam>vo.shopid</requestparam></notEmpty><call class=\"netTestWeb.security.PolicyCheckUserShop\"><param name=\"sessShopid\"><senv>shopid</senv></param><param name=\"objectID\"><requestparam>vo.shopid</requestparam></param><param name=\"objectType\"><value>shop</value></param></call></and></or>'),(258,'申请商店认证','URL','/shop/applyshopauthen.do','00000002',34,NULL,NULL,1,'219,221,229,258,',0,NULL,1,'数据检查:shopid是否是用户所在的商店','objectidname:extvo.shopid, objecttype:shop',NULL),(259,'保存申请商店认证','URL','/shop/saveapplyshopauthen.do','00000002',34,NULL,NULL,1,'219,221,229,259,',0,NULL,1,'数据检查:shopid是否是用户所在的商店','objectidname:extvo.shopid, objecttype:shop',NULL),(260,'审核申请商店认证','URL','/shop/approveshopauthen.do','00000002',34,NULL,NULL,1,'219,221,229,260,',0,NULL,1,'数据检查:超级系统管理员',NULL,NULL),(261,'订单销售','URL',NULL,'00000002',221,NULL,NULL,1,'219,221,261,',0,NULL,1,NULL,NULL,NULL),(262,'订单列表','URL','/order/shopOrderlist.do','00000002',261,NULL,NULL,1,'219,221,261,262,',0,NULL,1,NULL,NULL,NULL),(263,'查看管理订单','URL','/order/viewOrderMag.do','00000002',261,NULL,NULL,1,'219,221,261,263,',0,NULL,1,'数据检查:orderid是否是该商店的','objectidname:queryVO.orderid, objecttype:custorder',NULL),(264,'商店审核订单页面','URL','/order/toApproveOrderPage.do','00000002',261,NULL,NULL,1,'219,221,261,264,',0,NULL,1,'数据检查:orderid是否是该商店的','objectidname:vo.orderid, objecttype:custorder',NULL),(265,'填写审批意见','URL','/order/editCustAppNotes.do','00000002',261,NULL,NULL,1,'219,221,261,265,',0,NULL,1,'数据检查:orderid是否是该商店的',NULL,NULL),(266,'审核订单','URL','/order/approveOrder.do','00000002',261,NULL,NULL,1,'219,221,261,266,',0,NULL,1,'数据检查:orderid是否是该商店的','objectidname:vo.orderid, objecttype:custorder',NULL),(267,'单位人员管理','URL',NULL,'00000002',221,NULL,NULL,1,'219,221,267,',0,NULL,1,NULL,NULL,NULL),(268,'单位管理','URL','/org/magorgmain.do','00000002',267,NULL,NULL,1,'219,221,267,268,',0,NULL,1,NULL,NULL,NULL),(269,'单位列表信息','URL','/org/listdeptinfo.do','00000002',268,NULL,NULL,1,'219,221,267,268,269,',0,NULL,1,'数据检查:只能查询当前shop中的dept',NULL,NULL),(270,'新增单位信息','URL','/org/adddeptinfo.do','00000002',268,NULL,NULL,1,'219,221,267,268,270,',0,NULL,1,'数据检查:不需要',NULL,NULL),(271,'编辑单位信息','URL','/org/editdeptinfo.do','00000002',268,NULL,NULL,1,'219,221,267,268,271,',0,NULL,1,'数据检查:加载user在该dept所属的shop中的权限','objectidname:queryVO.orgbaseid, objecttype:deptinfo',NULL),(272,'保存单位信息','URL','/org/savedeptinfo.do','00000002',268,NULL,NULL,1,'219,221,267,268,272,',0,NULL,1,'数据检查:加载user在该dept所属的shop中的权限','objectidname:vo.orgbaseid, objecttype:deptinfo, containeridname:vo.shopid, containertype:shop',NULL),(273,'查看单位信息','URL','/org/viewdeptinfo.do','00000002',268,NULL,NULL,1,'219,221,267,268,273,',0,NULL,1,'数据检查:加载user在该dept所属的shop中的权限','objectidname:queryVO.orgbaseid, objecttype:deptinfo',NULL),(274,'删除单位信息','URL','/org/deldeptinfo.do','00000002',268,NULL,NULL,1,'219,221,267,268,274,',0,NULL,1,'数据检查:加载user在该dept所属的shop中的权限','objectidname:vo.orgbaseid, objecttype:deptinfo',NULL),(275,'设置商店默认单位页面','URL','/org/setshopdefaultdeptpage.do','00000002',268,NULL,NULL,1,'219,221,267,268,275,',0,NULL,1,'数据检查:orgbaseid是否是用户session shopid中的',NULL,NULL),(276,'保存商店默认单位','URL','/org/setshopdefaultdeptsave.do','00000002',268,NULL,NULL,1,'219,221,267,268,276,',0,NULL,1,'数据检查:orgbaseid是否是用户session shopid中的',NULL,NULL),(277,'单位树选择(右侧显示人员或单位列表)','URL','/org/orgtreemag.do','00000002',268,NULL,NULL,1,'219,221,267,268,277,',0,NULL,1,'数据检查:由程序保护',NULL,NULL),(278,'选择单位页面','URL','/org/selectorgtree.do','00000002',268,NULL,NULL,1,'219,221,267,268,278,',0,NULL,1,'数据检查:由程序保护',NULL,NULL),(279,'生成单位树xml','URL','/org/geneorgtreexml.do','00000002',268,NULL,NULL,1,'219,221,267,268,279,',0,NULL,1,'数据检查:由程序保护',NULL,NULL),(280,'人员管理','URL','/org/magorgusermain.do','00000002',267,NULL,NULL,1,'219,221,267,280,',0,NULL,1,'数据检查:只能查询当前shop中的dept user',NULL,NULL),(281,'单位人员列表','URL','/orguser/listorguser.do','00000002',280,NULL,NULL,1,'219,221,267,280,281,',0,NULL,1,'数据检查:只能查询当前shop中的dept user',NULL,NULL),(282,'新增单位人员','URL','/orguser/adddeptuserPage.do','00000002',280,NULL,NULL,1,'219,221,267,280,282,',0,NULL,1,'数据检查:暂不需要，程序添加',NULL,NULL),(283,'编辑单位人员','URL','/orguser/editdeptuserPage.do','00000002',280,NULL,NULL,1,'219,221,267,280,283,',0,NULL,1,'数据检查:加载user在session shopid中的权限','objectidname:queryVO.orguserid, objecttype:orguser',NULL),(284,'用户商店中课程列表','URL','/product/listshopprodforuser.do','00000002',283,NULL,NULL,1,'219,221,267,280,283,284,',0,NULL,1,'数据检查:由程序保护',NULL,NULL),(285,'为人员新增课程页面','URL','/product/adduserprod.do','00000002',283,NULL,NULL,1,'219,221,267,280,283,285,',0,NULL,1,NULL,NULL,NULL),(286,'列出人员角色','URL','/shopuserManage/listShopUserRole.do','00000002',283,NULL,NULL,1,'219,221,267,280,283,286,',0,NULL,1,'数据检查:由程序保护',NULL,NULL),(287,'为人员选择新增角色','URL','/shopuserManage/listShopRolesSel.do','00000002',283,NULL,NULL,1,'219,221,267,280,283,287,',0,NULL,1,'数据检查:由程序保护',NULL,NULL),(288,'保存商店人员角色','URL','/shopuserManage/saveShopUserRole.do','00000002',283,NULL,NULL,1,'219,221,267,280,283,288,',0,NULL,1,'数据检查:检查userID是否是当前shopid中的',NULL,NULL),(289,'删除商店人员角色','URL','/shopuserManage/deleteShopUserRole.do','00000002',283,NULL,NULL,1,'219,221,267,280,283,289,',0,NULL,1,'数据检查:检查userID是否是当前shopid中的',NULL,NULL),(290,'保存单位人员','URL','/orguser/savedeptuser.do','00000002',280,NULL,NULL,1,'219,221,267,280,290,',0,NULL,1,'数据检查:加载user在该dept所属的shop中的权限','objectidname:vo.orguserid, objecttype:orguser, containeridname:vo.shopid, containertype:shop',NULL),(291,'To导入人员页面','URL','/orguser/toimportorguser.do','00000002',280,NULL,NULL,1,'219,221,267,280,291,',0,NULL,1,'',NULL,NULL),(292,'导入人员保存','URL','/orguser/importorguser.do','00000002',280,NULL,NULL,1,'219,221,267,280,292,',0,NULL,1,'数据检查:由程序保护',NULL,NULL),(293,'删除单位人员','URL','/orguser/delUserDept.do','00000002',280,NULL,NULL,1,'219,221,267,280,293,',0,NULL,1,'数据检查:暂时不检查，程序中shop用的是session中的',NULL,NULL),(294,'查看单位人员','URL','/orguser/viewdeptuser.do','00000002',280,NULL,NULL,1,'219,221,267,280,294,',0,NULL,1,'数据检查:检查userID是否是当前shopid中的','objectidname:queryVO.orguserid, objecttype:orguser',NULL),(295,'转移单位人员','URL','/orguser/transferorguser.do','00000002',280,NULL,NULL,1,'219,221,267,280,295,',0,NULL,1,'数据检查:程序中检查',NULL,NULL),(296,'新增产品人员到商店','URL','/orguser/putuserintodept.do','00000002',280,NULL,NULL,1,'219,221,267,280,296,',0,NULL,1,'数据检查:程序中检查',NULL,NULL),(297,'多种方式选择人员Main','URL','/orguser/selectUserMain.jsp','00000002',280,NULL,NULL,1,'219,221,267,280,297,',0,NULL,1,NULL,NULL,NULL),(298,'选择单位人员Main','URL','/org/selectorgusermain.do','00000002',280,NULL,NULL,1,'219,221,267,280,298,',0,NULL,1,'数据检查:由程序保护',NULL,NULL),(299,'选择单位人员','URL','/orguser/selectorguser.do','00000002',280,NULL,NULL,1,'219,221,267,280,299,',0,NULL,1,'数据检查:由程序保证只查询当前session shop中的user',NULL,NULL),(300,'根据产品选择人员','URL','/userproduct/seluserbyproduct.do','00000002',280,NULL,NULL,1,'219,221,267,280,300,',0,NULL,1,'数据检查:检查productid是否是用户有权限的','objectidname:queryVO.productbaseid, objecttype:product',NULL),(301,'更改商店用户备注','URL','/usershop/updatenickname.do','00000002',280,NULL,NULL,1,'219,221,267,280,301,',0,NULL,1,'数据检查:用户是否在该shop中是admin角色','objectidname:vo.shopid, objecttype:shop',NULL),(302,'人员课程管理','URL','/userproduct/listuserprodmag.do','00000002',221,NULL,NULL,1,'219,221,302,',0,NULL,1,'数据检查:由程序保护',NULL,NULL),(303,'人员课程编辑主页面','URL','/userproduct/userproduct_mag_main.jsp','00000002',302,NULL,NULL,1,'219,221,302,303,',0,NULL,1,'数据检查:是否对该产品有权限','objectidname:userproductid, objecttype:userproduct',NULL),(304,'编辑用户课程','URL','/product/edituserprod.do','00000002',302,NULL,NULL,1,'219,221,302,304,',0,NULL,1,'数据检查:是否对该产品有权限','objectidname:vo.userproductid, objecttype:userproduct',NULL),(305,'保存用户课程','URL','/product/saveoneuserprod.do','00000002',302,NULL,NULL,1,'219,221,302,305,',0,NULL,1,'数据检查:是否对该产品有权限','objectidname:vo.userproductid, objecttype:userproduct, containeridname:vo.productbaseid, containertype:product',NULL),(306,'删除用户课程','URL','/product/deluserprod.do','00000002',302,NULL,NULL,1,'219,221,302,306,',0,NULL,1,'数据检查:是否对该产品有权限','objectidname:vo.userproductid, objecttype:userproduct',NULL),(307,'新增课程人员页面','URL','/userproduct/addprodmoreuserpage.do','00000002',302,NULL,NULL,1,'219,221,302,307,',0,NULL,1,'数据检查:是否对该产品有权限','objectidname:vo.productbaseid, objecttype:product',NULL),(308,'保存课程人员页面','URL','/userproduct/saveprodmoreuser.do','00000002',302,NULL,NULL,1,'219,221,302,307,',0,NULL,1,'数据检查:是否对该产品有权限','objectidname:vo.productbaseid, objecttype:product',NULL),(309,'学习到期课程列表','URL','/userproduct/listmyendprodlog.do','00000002',302,NULL,NULL,1,'219,221,302,309,',0,NULL,1,'数据检查:程序保证',NULL,NULL),(310,'课程到期人员列表','URL','/userproduct/listuserendprodlog.do','00000002',302,NULL,NULL,1,'219,221,302,310,',0,NULL,1,'数据检查:程序保证查询本shop','objectidname:queryVO.productbaseid, objecttype:product',NULL),(311,'用户课程状态记录','URL','/userproduct/listuserprodstatuslog.do','00000002',302,NULL,NULL,1,'219,221,302,311,',0,NULL,1,'数据检查:程序保证查询本shop',NULL,NULL),(312,'管理学习系统','URL','/shop/netTest_default.jsp','00000002',219,NULL,NULL,1,'219,312,',0,NULL,1,NULL,'objectidname:shopid, objecttype:shop',NULL),(313,'学习系统信息台','URL','/product/showprodmagmess.do','00000002',312,NULL,NULL,1,'219,312,313,',0,NULL,1,'数据检查:检查userID是否是当前shopid中的','objectidname:shopid, objecttype:shop',NULL),(314,'学习系统左侧菜单','URL','/leftbar_netTest.jsp','00000002',312,NULL,NULL,1,'219,312,314,',0,NULL,1,NULL,'objectidname:shopid, objecttype:shop',NULL),(315,'课程设置','URL',NULL,'00000002',312,NULL,NULL,1,'219,312,315,',0,NULL,1,NULL,NULL,NULL),(316,'我管理课程','URL','/usercontext/listMymagProd.do','00000002',315,NULL,NULL,1,'219,312,315,316,',0,NULL,1,NULL,'objectidname:shopid, objecttype:shop',NULL),(317,'全部课程页面','URL','/product/product_tree_main.jsp','00000002',315,NULL,NULL,1,'219,312,315,317,',0,NULL,1,NULL,'objectidname:shopid, objecttype:shop',NULL),(318,'课程目录树管理页面','URL','/productcategory/shopprodcatetreepage.do','00000002',315,NULL,NULL,1,'219,312,315,318,',0,NULL,1,'数据检查:程序保护','objectidname:shopid, objecttype:shop',NULL),(319,'选择产品目录页面','URL','/productcategory/selprodcategorytreepage.do','00000002',315,NULL,NULL,1,'219,312,315,319,',0,NULL,1,NULL,NULL,NULL),(320,'保存商店课程目录','URL','/productcategory/saveProdcateshop.do','00000002',315,NULL,NULL,1,'219,312,315,320,',0,NULL,1,'数据检查:程序保护',NULL,NULL),(321,'删除商店课程目录','URL','/productcategory/deleteProdcateshop.do','00000002',315,NULL,NULL,1,'219,312,315,321,',0,NULL,1,'数据检查:程序保护',NULL,NULL),(322,'商店产品列表页面','URL','/product/listshopproductmag.do','00000002',315,NULL,NULL,1,'219,312,315,322,',0,NULL,1,'数据检查:程序保护','objectidname:shopid, objecttype:shop',NULL),(323,'新增产品页面','URL','/product/addproduct.do','00000002',315,NULL,NULL,1,'219,312,315,323,',0,NULL,1,'数据检查:程序保证shopid是session中的',NULL,NULL),(324,'编辑产品页面','URL','/product/editproduct.do','00000002',315,NULL,NULL,1,'219,312,315,324,',0,NULL,1,'数据检查:检查productid是否是用户有权限的','objectidname:productbaseid, objecttype:product',NULL),(325,'保存产品','URL','/product/saveproduct.do','00000002',315,NULL,NULL,1,'219,312,315,325,',0,NULL,1,'数据检查:检查productid是否是用户有权限的','objectidname:vo.productbaseid, objecttype:product','<or><and><empty><requestparam>vo.productbaseid</requestparam></empty><roleOr>ROLE_ShopCreator,ROLE_ShopAdmin</roleOr></and><and><notEmpty><requestparam>vo.productbaseid</requestparam></notEmpty><roleOr>ROLE_ProductAdminAccessor</roleOr></and></or>'),(326,'查看产品','URL','/product/viewproduct.do','00000002',315,NULL,NULL,1,'219,312,315,326,',0,NULL,1,'数据检查:检查用户对product是否有权管理的access权限','objectidname:productbaseid, objecttype:product',NULL),(327,'删除产品','URL','/product/delproduct.do','00000002',315,NULL,NULL,1,'219,312,315,327,',0,NULL,1,'数据检查:检查productid是否是用户有权限的','objectidname:productbaseid, objecttype:product',NULL),(328,'产品详细信息查看编辑页面','URL','/product/viewproddescedit.do','00000002',315,NULL,NULL,1,'219,312,315,328,',0,NULL,1,'数据检查:检查productid是否是用户有权限的','objectidname:vo.productbaseid, objecttype:product',NULL),(329,'产品详细信息编辑页面','URL','/product/editproductdesc.do','00000002',315,NULL,NULL,1,'219,312,315,329,',0,NULL,1,'数据检查:检查productid是否是用户有权限的','objectidname:vo.productbaseid, objecttype:product',NULL),(330,'保存产品详细信息','URL','/product/saveproductdesc.do','00000002',315,NULL,NULL,1,'219,312,315,330,',0,NULL,1,'数据检查:检查productid是否是用户有权限的','objectidname:vo.productbaseid, objecttype:product',NULL),(331,'课程章节管理','URL',NULL,'00000002',315,NULL,NULL,1,'219,312,315,331,',0,NULL,1,NULL,NULL,NULL),(332,'课程章节主页面','URL','/prodcont/contentcate_main.jsp','00000002',331,NULL,NULL,1,'219,312,315,331,332,',0,NULL,1,NULL,NULL,NULL),(333,'课程章节树侧页面','URL','/prodcont/toContcateTree.do','00000002',331,NULL,NULL,1,'219,312,315,331,333,',0,NULL,1,'暂时没有数据检查，课程category tree大部分应该是公开的',NULL,NULL),(334,'生成课程章节树','URL','/prodcont/genecontcatetree.do','00000002',331,NULL,NULL,1,'219,312,315,331,334,',0,NULL,1,'暂时没有数据检查，课程category tree大部分应该是公开的',NULL,NULL),(335,'课程章节管理列表','URL','/prodcont/listContentcatemag.do','00000002',331,NULL,NULL,1,'219,312,315,331,335,',0,NULL,1,'数据检查: 是否对product有权限','objectidname:queryVO.productbaseid, objecttype:product',NULL),(336,'选择课程章节列表','URL','/prodcont/listContentcatesel.do','00000002',331,NULL,NULL,1,'219,312,315,331,336,',0,NULL,1,'数据检查: 是否对product有权限','objectidname:queryVO.productbaseid, objecttype:product',NULL),(337,'新增课程章节页面','URL','/prodcont/addContentcate.do','00000002',331,NULL,NULL,1,'219,312,315,331,337,',0,NULL,1,'数据检查: 是否对product有权限','objectidname:vo.productbaseid, objecttype:product',NULL),(338,'修改课程章节页面','URL','/prodcont/editContentcate.do','00000002',331,NULL,NULL,1,'219,312,315,331,338,',0,NULL,1,'数据检查:检查productid是否是用户有权限的','objectidname:queryVO.contentcateid, objecttype:contentcate',NULL),(339,'保存课程章节','URL','/prodcont/saveContentcate.do','00000002',331,NULL,NULL,1,'219,312,315,331,339,',0,NULL,1,'数据检查:检查productid是否是用户有权限的','objectidname:vo.contentcateid, objecttype:contentcate, containeridname:vo.productbaseid, containertype:product',NULL),(340,'删除课程章节','URL','/prodcont/deleteContentcate.do','00000002',331,NULL,NULL,1,'219,312,315,331,340,',0,NULL,1,'数据检查:检查productid是否是用户有权限的','objectidname:productbaseid, objecttype:product',NULL),(341,'选择课程章节树页面','URL','/prodcont/selectContcateTree.do','00000002',331,NULL,NULL,1,'219,312,315,331,341,',0,NULL,1,'数据检查:检查productid是否是用户有权限的','objectidname:queryVO.productbaseid, objecttype:product',NULL),(342,'查看课程学员','URL','/userproduct/listoneproduser.do','00000002',315,NULL,NULL,1,'219,312,315,342,',0,NULL,1,'数据检查:检查用户是否有权限管理产品','objectidname:queryVO.productbaseid, objecttype:product',NULL),(343,'查看课程管理员','URL','/userproduct/seloneprodmaguser.do','00000002',315,NULL,NULL,1,'219,312,315,342,',0,NULL,1,'数据检查:程序保护',NULL,NULL),(344,'课程公告管理','URL',NULL,'00000002',315,NULL,NULL,1,'219,312,315,344,',0,NULL,1,NULL,NULL,NULL),(345,'课程公告列表管理','URL','/product/listcoursepostmag.do','00000002',344,NULL,NULL,1,'219,312,315,344,345,',0,NULL,1,NULL,'objectidname:vo.productbaseid, objecttype:product',NULL),(346,'新增课程公告','URL','/product/addcoursepost.do','00000002',344,NULL,NULL,1,'219,312,315,344,346,',0,NULL,1,NULL,'objectidname:vo.productbaseid, objecttype:product',NULL),(347,'编辑课程公告','URL','/product/editcoursepost.do','00000002',344,NULL,NULL,1,'219,312,315,344,347,',0,NULL,1,NULL,'objectidname:vo.id, objecttype:coursepost',NULL),(348,'保存课程公告','URL','/product/savecoursepost.do','00000002',344,NULL,NULL,1,'219,312,315,344,348,',0,NULL,1,NULL,'objectidname:vo.id, objecttype:coursepost, containeridname:vo.productbaseid, containertype:product',NULL),(349,'删除课程公告','URL','/product/delcoursepost.do','00000002',344,NULL,NULL,1,'219,312,315,344,349,',0,NULL,1,NULL,'objectidname:vo.id, objecttype:coursepost',NULL),(350,'试卷管理','URL',NULL,'00000002',312,NULL,NULL,1,'219,312,350,',0,NULL,1,NULL,NULL,NULL),(351,'试卷列表','URL','/paper/listPaper.do','00000002',350,NULL,NULL,1,'219,312,350,351,',0,NULL,1,'数据检查:由程序保证','objectidname:shopid, objecttype:shop',NULL),(352,'新增试卷页面','URL','/paper/addPaper1.do','00000002',350,NULL,NULL,1,'219,312,350,352,',0,NULL,1,'数据检查:检查productid是否是用户有权限的',NULL,NULL),(353,'生成保存试卷','URL','/paper/genePaper.do','00000002',350,NULL,NULL,1,'219,312,350,353,',0,NULL,1,'数据检查:检查productid是否是用户有权限的','objectidname:vo.productbaseid, objecttype:product',NULL),(354,'从文件导入试卷页面','URL','/paper/importpaperfilepage.do','00000002',350,NULL,NULL,1,'219,312,350,354,',0,NULL,1,'数据检查:只是新增页面，不做保护',NULL,NULL),(355,'从文件导入试卷','URL','/paper/importpaperfile.do','00000002',350,NULL,NULL,1,'219,312,350,355,',0,NULL,1,'数据检查:检查productid是否是用户有权限的','objectidname:vo.productbaseid, objecttype:product',NULL),(356,'编辑修改试卷','URL','/paper/editPaper.do','00000002',350,NULL,NULL,1,'219,312,350,356,',0,NULL,1,'数据检查:检查用户对paper是否有权限','objectidname:queryVO.paperid, objecttype:paper',NULL),(357,'保存修改的试卷属性','URL','/paper/savePaper.do','00000002',350,NULL,NULL,1,'219,312,350,357,',0,NULL,1,'数据检查:检查productid是否是用户有权限的','objectidname:vo.paperid, objecttype:paper',NULL),(358,'查看view试卷','URL','/paper/viewPaper.do','00000002',350,NULL,NULL,1,'219,312,350,356,',0,NULL,1,'数据检查:检查productid是否是用户有权限的','objectidname:queryVO.paperid, objecttype:paper',NULL),(359,'试卷新增选择题型','URL','/paper/addpaperquespatt.do','00000002',350,NULL,NULL,1,'219,312,350,359,',0,NULL,1,'数据检查:检查是否对Paper有权限','objectidname:vo.paperid, objecttype:paper',NULL),(360,'试卷修改题型','URL','/paper/editpaperquespatt.do','00000002',350,NULL,NULL,1,'219,312,350,360,',0,NULL,1,'数据检查:检查是否对Paper有权限','objectidname:queryVO.patternid, objecttype:paperquestype',NULL),(361,'试卷保存修改题型','URL','/paper/savepaperquespatt.do','00000002',350,NULL,NULL,1,'219,312,350,361,',0,NULL,1,'数据检查:检查paper是否是用户有权限的','objectidname:vo.patternid, objecttype:paperquestype, containeridname:vo.paperid, containertype:paper',NULL),(362,'删除试卷题型','URL','/paper/delpaperquespatt.do','00000002',350,NULL,NULL,1,'219,312,350,362,',0,NULL,1,'数据检查:检查productid是否是用户有权限的','objectidname:vo.patternid, objecttype:paperquestype',NULL),(363,'新增试卷选择题目','URL','/paper/addPaperQues.do','00000002',350,NULL,NULL,1,'219,312,350,363,',0,NULL,1,'数据检查:检查对paper是否有权限','objectidname:vo.paperid, objecttype:paper',NULL),(364,'更换试卷题目','URL','/paper/changeQues.do','00000002',350,NULL,NULL,1,'219,312,350,364,',0,NULL,1,'数据检查:检查productid是否是用户有权限的','objectidname:vo.paperid, objecttype:paper',NULL),(365,'删除试卷题目','URL','/paper/deletePaperques.do','00000002',350,NULL,NULL,1,'219,312,350,365,',0,NULL,1,'数据检查:检查productid是否是用户有权限的','objectidname:vo.paperid, objecttype:paper',NULL),(366,'删除试卷','URL','/paper/deletePaper.do','00000002',350,NULL,NULL,1,'219,312,350,366,',0,NULL,1,'数据检查:检查productid是否是用户有权限的','objectidname:vo.paperid, objecttype:paper',NULL),(367,'选择试卷','URL','/paper/selectPaper.do','00000002',350,NULL,NULL,1,'219,312,350,367,',0,NULL,1,'数据检查:由程序保护',NULL,NULL),(368,'自测试卷','URL','/exam/selfExamInit.do','00000002',350,NULL,NULL,1,'219,312,350,368,',0,NULL,1,'数据检查:检查用户是否和paper在同一个shop','objectidname:paperVO.paperid, objecttype:paper',NULL),(369,'自测试卷切换题型','URL',NULL,'00000002',350,NULL,NULL,1,'219,312,350,369,',0,NULL,1,'在用户界面中的，考试目录中也有',NULL,NULL),(370,'自测试卷提交试卷','URL',NULL,'00000002',350,NULL,NULL,1,'219,312,350,370,',0,NULL,1,'在用户界面中的，考试目录中也有',NULL,NULL),(371,'考试管理','URL',NULL,'00000002',312,NULL,NULL,1,'219,312,371,',0,NULL,1,NULL,NULL,NULL),(372,'商店考试列表','URL','/exam/listTestinfo.do','00000002',371,NULL,NULL,1,'219,312,371,372,',0,NULL,1,NULL,'objectidname:productbaseid, objecttype:product',NULL),(373,'商店需处理考试列表','URL','/exam/listTodoTestinfo.do','00000002',371,NULL,NULL,1,'219,312,371,373,',0,NULL,1,NULL,'objectidname:productbaseid, objecttype:product',NULL),(374,'新增考试','URL','/exam/addTestinfo.do','00000002',371,NULL,NULL,1,'219,312,371,374,',0,NULL,1,'数据检查:检查productid是否是用户有权限的',NULL,NULL),(375,'查看view考试信息','URL','/exam/viewTestinfo.do','00000002',371,NULL,NULL,1,'219,312,371,375,',0,NULL,1,'数据检查:检查testid是否是用户有权限的','objectidname:queryVO.testid, objecttype:testinfo',NULL),(376,'监控设置考试页面','URL','/exam/monitorTest.do','00000002',371,NULL,NULL,1,'219,312,371,376,',0,NULL,1,'数据检查:检查testid是否是用户有权限的','objectidname:queryVO.testid, objecttype:testinfo',NULL),(377,'删除考试','URL','/exam/deleteTestinfo.do','00000002',371,NULL,NULL,1,'219,312,371,377,',0,NULL,1,'数据检查:检查testid是否是用户有权限的','objectidname:vo.testid, objecttype:testinfo',NULL),(378,'修改考试信息','URL','/exam/editTestinfo.do','00000002',371,NULL,NULL,1,'219,312,371,378,',0,NULL,1,'数据检查:检查testid是否是用户有权限的','objectidname:queryVO.testid, objecttype:testinfo',NULL),(379,'保存新增考试信息','URL','/exam/savenewtestinfo.do','00000002',371,NULL,NULL,1,'219,312,371,379,',0,NULL,1,'数据检查:检查用户是否对该产品有管理权限','objectidname:vo.productbaseid, objecttype:product',NULL),(380,'保存考试信息','URL','/exam/saveTestinfo.do','00000002',371,NULL,NULL,1,'219,312,371,380,',0,NULL,1,'数据检查:检查testid是否是用户有权限的','objectidname:vo.testid, objecttype:testinfo',NULL),(381,'考试人员列表','URL','/exam/listtestuser.do','00000002',371,NULL,NULL,1,'219,312,371,381,',0,NULL,1,'数据检查:检查testid是否是用户有权限的','objectidname:queryVO.testid, objecttype:testinfo',NULL),(382,'保存考试人员','URL','/exam/saveTestuser.do','00000002',371,NULL,NULL,1,'219,312,371,382,',0,NULL,1,'数据检查:检查testid是否是用户有权限的','objectidname:queryVO.testid, objecttype:testinfo',NULL),(383,'删除考试人员','URL','/exam/deleteTestuser.do','00000002',371,NULL,NULL,1,'219,312,371,383,',0,NULL,1,'数据检查:检查testid是否是用户有权限的','objectidname:queryVO.testid, objecttype:testinfo',NULL),(384,'更改考试进程状态','URL','/exam/changeStatus.do','00000002',371,NULL,NULL,1,'219,312,371,384,',0,NULL,1,'数据检查:检查testid是否是用户有权限的','objectidname:vo.testid, objecttype:testinfo',NULL),(385,'阅卷人员列表','URL','/exam/listTestchecker.do','00000002',371,NULL,NULL,1,'219,312,371,385,',0,NULL,1,'数据检查:检查test所属的product是否是用户有权限的','objectidname:queryVO.testid, objecttype:testinfo',NULL),(386,'保存阅卷人员','URL','/exam/saveTestchecker.do','00000002',371,NULL,NULL,1,'219,312,371,386,',0,NULL,1,'数据检查:检查test所属的product是否是用户有权限的','objectidname:queryVO.testid, objecttype:testinfo',NULL),(387,'删除阅卷人员','URL','/exam/deleteTestchecker.do','00000002',371,NULL,NULL,1,'219,312,371,387,',0,NULL,1,'数据检查:检查test所属的product是否是用户有权限的','objectidname:vo.testid, objecttype:testinfo',NULL),(388,'评阅试卷','URL',NULL,'00000002',312,NULL,NULL,1,'219,312,388,',0,NULL,1,NULL,NULL,NULL),(389,'开始试卷评阅','URL','/exam/checktestinfo.do','00000002',388,NULL,NULL,1,'219,312,388,389,',0,NULL,1,'数据检查:检查是否对test有管理权限','objectidname:testVO.testid, objecttype:testinfo',NULL),(390,'进入手动阅卷页面','URL','/exam/manaualCheckPaper.do','00000002',388,NULL,NULL,1,'219,312,388,390,',0,NULL,1,'数据检查:检查是否对test有管理权限','objectidname:testVO.testid, objecttype:testinfo',NULL),(391,'评阅单个题目页面','URL','/exam/checkanswerPage.do','00000002',388,NULL,NULL,1,'219,312,388,391,',0,NULL,1,'数据检查:检查是否对test有管理权限','objectidname:testVO.testid, objecttype:testinfo',NULL),(392,'保存题目评阅结果','URL','/exam/saveCheckResult.do','00000002',388,NULL,NULL,1,'219,312,388,392,',0,NULL,1,'数据检查:检查是否对test有管理权限','objectidname:testVO.testid, objecttype:testinfo',NULL),(393,'结束手动评阅试卷','URL','/exam/finishcheckpaper.do','00000002',388,NULL,NULL,1,'219,312,388,393,',0,NULL,1,'数据检查:检查是否对test有管理权限','objectidname:testVO.testid, objecttype:testinfo',NULL),(394,'考试结果','URL',NULL,'00000002',312,NULL,NULL,1,'219,312,394,',0,NULL,1,NULL,NULL,NULL),(395,'考试结果列表页面','URL','/exam/listTestinfoResult.do','00000002',394,NULL,NULL,1,'219,312,394,395,',NULL,NULL,1,'数据检查:检查testid是否是用户有权限的',NULL,NULL),(396,'练习设置','URL',NULL,'00000002',312,NULL,NULL,1,'219,312,396,',0,NULL,1,NULL,NULL,NULL),(397,'新增练习','URL','/exercise/toAddExerPage.do','00000002',396,NULL,NULL,1,'219,312,396,397,',0,NULL,1,NULL,NULL,NULL),(398,'保存新增练习','URL','/exercise/addExercise.do','00000002',396,NULL,NULL,1,'219,312,396,398,',0,NULL,1,'数据检查:检查用户是否对product有权限','objectidname:vo.productbaseid, objecttype:product',NULL),(399,'修改练习页面','URL','/exercise/editExercise.do','00000002',396,NULL,NULL,1,'219,312,396,399,',0,NULL,1,'数据检查:检查用户是否对product有权限','objectidname:vo.exerid, objecttype:exercise',NULL),(400,'新增练习题型页面','URL','/exercise/addExerquestype.do','00000002',396,NULL,NULL,1,'219,312,396,400,',0,NULL,1,'数据检查:检查用户是否对product有权限','objectidname:vo.exerid, objecttype:exercise',NULL),(401,'修改练习题型页面','URL','/exercise/editExerquestype.do','00000002',396,NULL,NULL,1,'219,312,396,401,',0,NULL,1,'数据检查:检查用户是否对product有权限','objectidname:queryVO.patternid, objecttype:exerquestype',NULL),(402,'保存练习题型修改','URL','/exercise/saveExerquestype.do','00000002',396,NULL,NULL,1,'219,312,396,402,',0,NULL,1,'数据检查:检查用户是否对product有权限','objectidname:vo.patternid, objecttype:exerquestype',NULL),(403,'删除练习题型','URL','/exercise/deleteExerquestype.do','00000002',396,NULL,NULL,1,'219,312,396,403,',0,NULL,1,'数据检查:检查用户是否对product有权限','objectidname:vo.patternid, objecttype:exerquestype',NULL),(404,'新增练习题目','URL','/exercise/addExerQues.do','00000002',396,NULL,NULL,1,'219,312,396,404,',0,NULL,1,'数据检查:检查用户是否对product有权限','objectidname:vo.exerid, objecttype:exercise',NULL),(405,'更换练习题目','URL','/exercise/changeQues.do','00000002',396,NULL,NULL,1,'219,312,396,405,',0,NULL,1,'数据检查:检查用户是否对product有权限','objectidname:vo.exerid, objecttype:exercise',NULL),(406,'删除练习题目','URL','/exercise/deleteExerques.do','00000002',396,NULL,NULL,1,'219,312,396,406,',0,NULL,1,'数据检查:检查用户是否对product有权限','objectidname:vo.exerid, objecttype:exercise',NULL),(407,'查看练习人员','URL','/exercise/listExeruser.do','00000002',396,NULL,NULL,1,'219,312,396,407,',0,NULL,1,'数据检查:检查用户是否对product有权限','objectidname:queryVO.exerid, objecttype:exercise',NULL),(408,'删除练习','URL','/exercise/delExercise.do','00000002',396,NULL,NULL,1,'219,312,396,408,',0,NULL,1,'数据检查:检查练习id是否是用户有权限的','objectidname:vo.exerid, objecttype:exercise',NULL),(409,'测试练习(管理界面)','URL','/exercise/preEnterExercise.do','00000002',396,NULL,NULL,1,'219,312,396,409,',0,NULL,1,'数据检查:检查练习id是否是用户有权限的','objectidname:exerid, objecttype:exercise',NULL),(410,'测试练习题目分页(管理界面)','URL','/exercise/preExamQuesShift.do','00000002',396,NULL,NULL,1,'219,312,396,410,',0,NULL,1,'数据检查:由程序代码检查',NULL,NULL),(411,'提交练习答案(管理界面)','URL','/exercise/preCheckQues.do','00000002',396,NULL,NULL,1,'219,312,396,411,',0,NULL,1,'数据检查:由程序代码检查',NULL,NULL),(412,'学习资料','URL',NULL,'00000002',312,NULL,NULL,1,'219,312,412,',0,NULL,1,NULL,NULL,NULL),(413,'学习资料列表查询','URL','/learncont/listLearncontent.do','00000002',412,NULL,NULL,1,'219,312,412,413,',0,NULL,1,'数据检查:由程序判断检查是否对product有权限','objectidname:productbaseid, objecttype:product',NULL),(414,'新增学习资料页面','URL','/learncont/addLearncontent.do','00000002',412,NULL,NULL,1,'219,312,412,414,',0,NULL,1,NULL,NULL,NULL),(415,'保存上传文件学习资料','URL','/learncont/saveLearncontent.do','00000002',412,NULL,NULL,1,'219,312,412,415,',0,NULL,1,'数据检查:检查用户是否有权操作所属的product','objectidname:vo.contentid, objecttype:learncontent, containeridname:vo.productbaseid, containertype:product',NULL),(416,'修改学习资料','URL','/learncont/editLearncontent.do','00000002',412,NULL,NULL,1,'219,312,412,416,',0,NULL,1,'数据检查:检查用户是否有权操作所属的product','objectidname:vo.contentid, objecttype:learncontent',NULL),(417,'删除学习资料','URL','/learncont/deleteLearncontent.do','00000002',412,NULL,NULL,1,'219,312,412,417,',0,NULL,1,'数据检查:检查用户是否有权管理所属的product','objectidname:vo.contentid, objecttype:learncontent',NULL),(418,'打开上传文件页面','URL','/openuploadpage.do','00000002',412,NULL,NULL,1,'219,312,412,418,',0,NULL,1,'数据检查:检查用户是否有权管理所属的product','objectidname:vo.contentid, objecttype:learncontent',NULL),(419,'文件上传成功回调','URL','/afteruploadfilecb.do','00000002',412,NULL,NULL,1,'219,312,412,419,',0,NULL,1,'数据检查:检查用户是否有权管理所属的product','objectidname:id, objecttype:learncontent',NULL),(420,'删除已存在上传文件','URL','/deleteexistfile.do','00000002',412,NULL,NULL,1,'219,312,412,420,',0,NULL,1,'数据检查:检查用户是否有权管理所属的product','objectidname:vo.contentid, objecttype:learncontent',NULL),(421,'产品提问答疑','URL',NULL,'00000002',312,NULL,NULL,1,'219,312,421,',0,NULL,1,NULL,NULL,NULL),(422,'课程答疑列表view','URL','/social/listprodcommentsuser.do','00000002',421,NULL,NULL,1,'219,312,421,422,',0,NULL,1,NULL,NULL,NULL),(423,'课程答疑列表管理view','URL','/social/listprodcommentsmag.do','00000002',421,NULL,NULL,1,'219,312,421,423,',0,NULL,1,NULL,NULL,NULL),(424,'题库管理','URL',NULL,'00000002',312,NULL,NULL,1,'219,312,424,',0,NULL,1,NULL,NULL,NULL),(425,'题库列表','URL','/wareques/listWare1.do','00000002',424,NULL,NULL,1,'219,312,424,425,',0,NULL,1,'数据检查:是否对其中product有权限，程序检查','objectidname:productbaseid, objecttype:product',NULL),(426,'新增题库','URL','/wareques/addWare.do','00000002',424,NULL,NULL,1,'219,312,424,426,',0,NULL,1,'数据检查：无',NULL,NULL),(427,'修改题库','URL','/wareques/editWare.do','00000002',424,NULL,NULL,1,'219,312,424,427,',0,NULL,1,'数据检查:是否对其中product有权限','objectidname:queryVO.wareid, objecttype:ware',NULL),(428,'保存题库','URL','/wareques/saveWare.do','00000002',424,NULL,NULL,1,'219,312,424,428,',0,NULL,1,'数据检查:是否对其中product有权限','objectidname:vo.wareid, objecttype:ware, containeridname:vo.productbaseid, containertype:product',NULL),(429,'删除题库','URL','/wareques/deleteWare.do','00000002',424,NULL,NULL,1,'219,312,424,429,',0,NULL,1,'数据检查:是否对其中product有权限','objectidname:vo.wareid, objecttype:ware',NULL),(430,'view题库','URL','/wareques/viewWare.do','00000002',424,NULL,NULL,1,'219,312,424,430,',0,NULL,1,NULL,'objectidname:queryVO.wareid, objecttype:ware',NULL),(431,'选择题库','URL','/wareques/listWareSelect.do','00000002',424,NULL,NULL,1,'219,312,424,431,',0,NULL,1,'数据检查:是否对其中product有权限','objectidname:queryVO.productbaseid, objecttype:product',NULL),(432,'题库题目管理','URL',NULL,'00000002',424,NULL,NULL,1,'219,312,424,432,',0,NULL,1,NULL,NULL,NULL),(433,'题库题目列表','URL','/wareques/listWareques1.do','00000002',432,NULL,NULL,1,'219,312,424,432,433,',0,NULL,1,'数据检查:是否对其中product有权限，程序检查','objectidname:shopid, objecttype:shop',NULL),(434,'新增题库题目页面','URL','/wareques/addWarequesPage.do','00000002',432,NULL,NULL,1,'219,312,424,432,434,',0,NULL,1,'数据检查:不需要，在保存时检查',NULL,NULL),(435,'编辑题库题目页面','URL','/wareques/editWareques.do','00000002',432,NULL,NULL,1,'219,312,424,432,435,',0,NULL,1,'数据检查:检查是否对题库题目所属产品有权限','objectidname:queryVO.quesid, objecttype:question',NULL),(436,'保存题库题目','URL','/wareques/saveWareques.do','00000002',432,NULL,NULL,1,'219,312,424,432,436,',0,NULL,1,'数据检查:是否对其中product有权限','objectidname:vo.quesid, objecttype:question, containeridname:vo.productbaseid, containertype:product',NULL),(437,'删除题库题目','URL','/wareques/deleteWareques.do','00000002',432,NULL,NULL,1,'219,312,424,432,437,',0,NULL,1,'数据检查:是否对其中product有权限','objectidname:productbaseid, objecttype:product',NULL),(438,'导入题库题目页面','URL','/wareques/importwarequespage.do','00000002',432,NULL,NULL,1,'219,312,424,432,438,',0,NULL,1,'数据检查:不需要，在保存时检查',NULL,NULL),(439,'保存导入题库题目','URL','/wareques/importwareques.do','00000002',432,NULL,NULL,1,'219,312,424,432,439,',0,NULL,1,'数据检查:是否对其中product有权限','objectidname:vo.productbaseid, objecttype:product',NULL),(440,'编辑保存子题目','URL','/wareques/editSubques.do','00000002',432,NULL,NULL,1,'219,312,424,432,440,',0,NULL,1,'数据检查:是否对其中product有权限','objectidname:vo.quesid, objecttype:question, containeridname:vo.productbaseid, containertype:product',NULL),(441,'查看题库题目','URL','/wareques/viewWareques.do','00000002',432,NULL,NULL,1,'219,312,424,432,441,',0,NULL,1,'数据检查:检查是否对题库题目所属产品有权限','objectidname:queryVO.quesid, objecttype:question',NULL),(442,'选择题库题目','URL','/wareques/selWareques.do','00000002',432,NULL,NULL,1,'219,312,424,432,442,',0,NULL,1,'数据检查:检查是否对题库所属产品有权限','objectidname:queryVO.productbaseid, objecttype:product',NULL),(443,'留言系统','URL',NULL,'00000002',-1,NULL,NULL,1,'留言系统',0,NULL,1,NULL,NULL,NULL),(444,'留言列表','URL','/social/listleavemess.do','00000002',443,NULL,NULL,1,'443,444,',0,NULL,1,NULL,NULL,NULL),(445,'新增留言页面','URL','/social/addleavemess.do','00000002',443,NULL,NULL,1,'443,445,',0,NULL,1,NULL,NULL,NULL),(446,'保存留言','URL','/social/saveleavemess.do','00000002',443,NULL,NULL,1,'443,446,',0,NULL,1,NULL,NULL,NULL),(447,'get单个留言','URL','/social/getsingleleavemess.do','00000002',443,NULL,NULL,1,'443,447,',0,NULL,1,NULL,NULL,NULL),(448,'删除子系统留言','URL','/social/delshopleavemess.do','00000002',443,NULL,NULL,1,'443,448,',0,NULL,1,'数据检查:程序检查','objectidname:vo.messid, objecttype:leavemessage','<or><roleOr>ROLE_ShopCreator,ROLE_ShopAdmin</roleOr><eq><property>creatorid</property><senv>userid</senv></eq></or>'),(449,'删除商店留言','URL','/social/delsysleavemess.do','00000002',443,NULL,NULL,1,'443,449,',0,NULL,1,NULL,NULL,NULL),(450,'回复子系统留言','URL','/social/replysysleavemess.do','00000002',443,NULL,NULL,1,'443,450,',0,NULL,1,NULL,NULL,NULL),(451,'回复商店留言','URL','/social/replyshopleavemess.do','00000002',443,NULL,NULL,1,'443,451,',0,NULL,1,'数据检查:session shopid是否和object中的shopid相同','containeridname:vo.objectid, containertype:shop','<eq><senv>shopid</senv><property>vo.objectid</property></eq>'),(452,'回复产品留言','URL','/social/replyprodleavemess.do','00000002',443,NULL,NULL,1,'443,452,',0,NULL,1,'数据检查:session shopid是否和object中的shopid相同','containeridname:vo.objectid, containertype:product',NULL),(453,'删除产品留言','URL','/social/delprodleavemess.do','00000002',443,NULL,NULL,1,'443,453,',0,NULL,1,'数据检查:session shopid是否和object中的shopid相同','containeridname:vo.objectid, containertype:product',NULL),(454,'社交类资源管理','URL',NULL,'00000002',-1,NULL,NULL,1,'社交类资源管理',0,NULL,1,NULL,NULL,NULL),(455,'comment列表页面','URL','/social/listComments.do','00000002',454,NULL,NULL,1,'454,455,',0,NULL,1,'数据检查:检查用户对comment的原对象是否有get权限','objectidname:queryVO.objectid, objecttype:$queryVO.objecttype',NULL),(456,'保存comment','URL','/social/saveComments.do','00000002',454,NULL,NULL,1,'454,456,',0,NULL,1,'数据检查:如果是新增，则只需对原对象有get权限.如果是edit,则只有自己可以编辑','objectidname:vo.commentid, objecttype:comments, containeridname:vo.objectid, containertype:$vo.objecttype','<or><empty><requestparam>vo.commentid</requestparam></empty><and><notEmpty><requestparam>vo.commentid</requestparam></notEmpty><eq><property>creatorid</property><senv>userid</senv></eq></and></or>'),(457,'编辑comment','URL','/social/editComments.do','00000002',454,NULL,NULL,1,'454,457,',0,NULL,1,'数据检查:检查用户是否是comment的作者','objectidname:vo.commentid, objecttype:comments','<eq><property>creatorid</property><senv>userid</senv></eq>'),(458,'回复comment','URL','/social/replycomments.do','00000002',454,NULL,NULL,1,'454,458,',0,NULL,1,'数据检查:检查用户是否是能read被comment的对象','containeridname:vo.objectid, containertype:$vo.objecttype',NULL),(459,'新增comment页面','URL','/social/addComments.do','00000002',454,NULL,NULL,1,'454,459,',0,NULL,1,'数据检查:检查用户对comment的原对象是否有get权限','containeridname:vo.objectid, containertype:$vo.objecttype',NULL),(460,'删除comment','URL','/social/deleteComments.do','00000002',454,NULL,NULL,1,'454,460,',0,NULL,1,'数据检查:检查用户是否是comment的作者或者该产品的admin','objectidname:vo.commentid, objecttype:comments','<or><roleOr>ROLE_ProductAdminAccessor</roleOr><eq><property>creatorid</property><senv>userid</senv></eq></or>'),(461,'get单个comment','URL','/social/getSingleComment.do','00000002',454,NULL,NULL,1,'454,461,',0,NULL,1,'数据检查:检查用户对comment的原对象是否有get权限','objectidname:vo.commentid, objecttype:comments',NULL),(462,'oauth选择文件','URL','/oath/goselectfile.do','00000002',454,NULL,NULL,1,'454,462,',0,NULL,1,'',NULL,NULL),(463,'产品评价列表','URL','/social/listusecomment.do','00000002',454,NULL,NULL,1,'454,463,',0,NULL,1,'',NULL,NULL),(464,'编辑产品评价','URL','/social/editusecomment.do','00000002',454,NULL,NULL,1,'454,464,',0,NULL,1,'',NULL,NULL),(465,'保存产品评价','URL','/social/saveprodusecomment.do','00000002',454,NULL,NULL,1,'454,465,',0,NULL,1,'应用程序自己检查',NULL,NULL),(466,'删除产品评价','URL','/social/deleteusecomment.do','00000002',454,NULL,NULL,1,'454,466,',0,NULL,1,'','objectidname:vo.commentid, objecttype:usecomment','<eq><property>userid</property><senv>userid</senv></eq>'),(467,'AjaxCall管理',NULL,NULL,'00000002',-1,NULL,NULL,1,'AjaxCall管理',0,NULL,1,NULL,NULL,NULL),(468,'engine.js','URL','/dwr/engine.js','00000002',467,NULL,NULL,1,'467,468,',0,NULL,1,NULL,NULL,NULL),(469,'内部call','URL','/dwr/call/plaincall/**','00000002',467,NULL,NULL,1,'467,469,',0,NULL,1,NULL,NULL,NULL),(470,'customer.js','URL','/dwr/interface/customer.js','00000002',467,NULL,NULL,1,'467,470,',0,NULL,1,NULL,NULL,NULL),(471,'usershop.js','URL','/dwr/interface/usershop.js','00000002',467,NULL,NULL,1,'467,471,',0,NULL,1,NULL,NULL,NULL),(472,'userproduct.js','URL','/dwr/interface/userproduct.js','00000002',467,NULL,NULL,1,'467,472,',0,NULL,1,NULL,NULL,NULL),(473,'testuserLogic.js','URL','/dwr/interface/testuserLogic.js','00000002',467,NULL,NULL,1,'467,473,',0,NULL,1,NULL,NULL,NULL),(474,'orguserLogic.js','URL','/dwr/interface/orguserLogic.js','00000002',467,NULL,NULL,1,'467,474,',0,NULL,1,NULL,NULL,NULL),(475,'ware.js','URL','/dwr/interface/ware.js','00000002',467,NULL,NULL,1,'467,475,',0,NULL,1,NULL,NULL,NULL),(476,'testinfoLogic.js','URL','/dwr/interface/testinfoLogic.js','00000002',467,NULL,NULL,1,'467,476,',0,NULL,1,NULL,NULL,NULL),(477,'testdept.js','URL','/dwr/interface/testdept.js','00000002',467,NULL,NULL,1,'467,477,',0,NULL,1,NULL,NULL,NULL),(478,'orderproduct.js','URL','/dwr/interface/orderproduct.js','00000002',467,NULL,NULL,1,'467,478,',0,NULL,1,NULL,NULL,NULL),(479,'countryregion.js','URL','/dwr/interface/countryregion.js','00000002',467,NULL,NULL,1,'467,479,',0,NULL,1,NULL,NULL,NULL),(480,'prodcateshop.js','URL','/dwr/interface/prodcateshop.js','00000002',467,NULL,NULL,1,'467,480,',0,NULL,1,NULL,NULL,NULL),(481,'shopcheck.js','URL','/dwr/interface/shopcheck.js','00000002',467,NULL,NULL,1,'467,481,',0,NULL,1,NULL,NULL,NULL),(482,'公用功能链接',NULL,NULL,'00000002',-1,NULL,NULL,1,'公用功能链接',0,NULL,1,NULL,NULL,NULL),(483,'editor中上传文件url','URL','/ckeditor/uploader','00000002',482,NULL,NULL,1,'482,483,',0,NULL,1,'数据检查:如果rootobjecttype是shop则查看用户对target是否有权限，如果不是shop，则需要是系统管理员','containeridname:parentObjectId, containertype:$parentObjectType','<or><and><eq><value>shop</value><requestparam>rootobjecttype</requestparam></eq><roleOr>ROLE_ShopCreator,ROLE_ShopAdmin,ROLE_ProductAdminAccessor</roleOr></and><and><ne><value>shop</value><requestparam>rootobjecttype</requestparam></ne><roleOr>ROLE_SysAdmin,ROLE_BizDataAdmin</roleOr></and></or>'),(484,'flushCache链接','URL','/flushcache.do','00000002',482,NULL,NULL,1,'482,484,',0,NULL,1,'数据检查:系统管理员',NULL,NULL),(485,'修改logo图像url','URL','/logoimage/uploader','00000002',482,NULL,NULL,1,'482,485,',0,NULL,1,'数据检查:如果rootobjecttype是shop则查看用户对target是否有权限，如果不是shop，则需要是系统管理员','containeridname:parentObjectId, containertype:$parentObjectType','<or><and><eq><value>shop</value><requestparam>rootobjecttype</requestparam></eq><roleOr>ROLE_ShopCreator,ROLE_ShopAdmin,ROLE_ProductAdminAccessor</roleOr></and><and><eq><value>user</value><requestparam>rootobjecttype</requestparam></eq><eq><senv>userid</senv><requestparam>rootobjectid</requestparam></eq></and><and><ne><value>shop</value><requestparam>rootobjecttype</requestparam></ne><roleOr>ROLE_SysAdmin,ROLE_BizDataAdmin</roleOr></and></or>');
      
-- table resourcesValue, current only insert localeid=1
insert into resourcesValue(id, localeID, name, descn) 
            VALUES (1,1,1,'系统首页',NULL),(2,2,1,'系统首页1',NULL),(3,3,1,'系统首页2',NULL),(4,4,1,'系统热门目录',NULL),(5,5,1,'系统目录树',NULL),(6,6,1,'商品目录树生成xml',NULL),(7,7,1,'用户选择目录',NULL),(8,8,1,'系统首页3',NULL),(9,9,1,'系统通用查询',NULL),(10,10,1,'咨询信息',NULL),(11,11,1,'列表页面',NULL),(12,12,1,'view页面',NULL),(13,13,1,'培训课程',NULL),(14,14,1,'课程列表',NULL),(15,15,1,'查看订购课程MainPage',NULL),(16,16,1,'查看订购课程','数据检查: 由程序保证'),(17,17,1,'查看课程详细描述','数据检查: 由程序保证'),(18,18,1,'查看课程目录学习内容','数据检查: 由程序保证'),(19,19,1,'公开活动',NULL),(20,20,1,'公开活动列表(首页)',NULL),(21,21,1,'公开活动(view)',''),(22,22,1,'活动人员列表',NULL),(23,23,1,'公司列表',NULL),(24,24,1,'公司列表页面(搜索)',NULL),(25,25,1,'进入商店首页',NULL),(26,26,1,'关于网站页面',NULL),(27,27,1,'管理平台系统',NULL),(28,28,1,'系统管理banner菜单',NULL),(29,29,1,'系统管理首页面',NULL),(30,30,1,'左侧管理页面菜单',NULL),(31,31,1,'左侧菜单基本设置',NULL),(32,32,1,'列出所有子系统',NULL),(33,33,1,'客户管理系统',NULL),(34,34,1,'商店管理',NULL),(35,35,1,'商店列表',NULL),(36,36,1,'admin修改商店主页面',NULL),(37,37,1,'商店状态变更',NULL),(38,38,1,'保存商店状态变更',NULL),(39,39,1,'admin修改保存商店',NULL),(40,40,1,'删除移除商店',NULL),(41,41,1,'审核商店申请列表',NULL),(42,42,1,'审核商店编辑',NULL),(43,43,1,'审核商店申请',NULL),(44,44,1,'认证商店列表',NULL),(45,45,1,'所有系统用户管理',NULL),(46,46,1,'用户列表管理',NULL),(47,47,1,'改变用户状态',NULL),(48,48,1,'保存用户状态改变',NULL),(49,49,1,'查看用户功能配置',NULL),(50,50,1,'更新用户功能配置',NULL),(51,51,1,'删除用户',NULL),(52,52,1,'系统用户订单管理',NULL),(53,53,1,'系统订单列表管理',NULL),(54,54,1,'产品管理',NULL),(55,55,1,'产品列表',NULL),(56,56,1,'系统推荐产品',NULL),(57,57,1,'删除系统推荐产品',NULL),(58,58,1,'网站内容管理',NULL),(59,59,1,'咨询信息管理',NULL),(60,60,1,'新增咨询信息类别',NULL),(61,61,1,'编辑咨询信息类别页面',NULL),(62,62,1,'保存新增咨询信息类别',NULL),(63,63,1,'更新咨询信息类别内容',NULL),(64,64,1,'保存不同语言咨询信息类别名称',NULL),(65,65,1,'删除咨询信息类别',NULL),(66,66,1,'删除不同语言咨询信息类别名称',NULL),(67,67,1,'列出咨询信息管理',NULL),(68,68,1,'新增咨询信息',NULL),(69,69,1,'编辑咨询信息',NULL),(70,70,1,'保存咨询信息',NULL),(71,71,1,'删除咨询信息',NULL),(72,72,1,'权限管理',NULL),(73,73,1,'权限管理leftMenu',NULL),(74,74,1,'资源权限管理主页面',NULL),(75,75,1,'资源权限树页面',NULL),(76,76,1,'资源权限树XML生成页面',NULL),(77,77,1,'资源权限列表页面',NULL),(78,78,1,'新增资源权限页面',NULL),(79,79,1,'修改资源权限页面',NULL),(80,80,1,'保存资源权限页面',NULL),(81,81,1,'删除资源权限',NULL),(82,82,1,'角色列表',NULL),(83,83,1,'新增角色页面',NULL),(84,84,1,'修改角色页面',NULL),(85,85,1,'保存角色',NULL),(86,86,1,'删除角色',NULL),(87,87,1,'为角色新增人员页面',NULL),(88,88,1,'为角色保存新增人员',NULL),(89,89,1,'为角色删除人员',NULL),(90,90,1,'角色资源权限管理',NULL),(91,91,1,'列出角色配置的资源',NULL),(92,92,1,'为角色新增资源权限页面',NULL),(93,93,1,'为角色保存资源权限',NULL),(94,94,1,'为角色删除资源权限',NULL),(95,95,1,'平台基础设置',NULL),(96,96,1,'系统支持语言设置',NULL),(97,97,1,'语言导入界面',NULL),(98,98,1,'商品目录设置',NULL),(99,99,1,'全部目录管理',NULL),(100,100,1,'商品目录主页面',NULL),(101,101,1,'商品目录列表',NULL),(102,102,1,'新增商品目录页面',NULL),(103,103,1,'编辑商品目录页面',NULL),(104,104,1,'保存商品产品目录',NULL),(105,105,1,'查看view商品目录',NULL),(106,106,1,'删除商品目录',NULL),(107,107,1,'商品目录value列表',NULL),(108,108,1,'保存商品目录value',NULL),(109,109,1,'编辑商品目录value',NULL),(110,110,1,'新增商品目录value',NULL),(111,111,1,'删除商品目录value',NULL),(112,112,1,'产品目录适用系统列表',NULL),(113,113,1,'产品目录保存系统code',NULL),(114,114,1,'产品目录删除系统code',NULL),(115,115,1,'热门目录管理',NULL),(116,116,1,'新增热门目录',NULL),(117,117,1,'保存热门目录',NULL),(118,118,1,'删除热门目录页面',NULL),(119,119,1,'删除热门目录',NULL),(120,120,1,'系统常量管理',NULL),(121,121,1,'系统常量value管理',NULL),(122,122,1,'常量子条目管理',NULL),(123,123,1,'常量子条目value管理',NULL),(124,124,1,'系统参数管理',NULL),(125,125,1,'功能收费管理',NULL),(126,126,1,'用户注册登录',NULL),(127,127,1,'验证码地址',NULL),(128,128,1,'用户注册页面',NULL),(129,129,1,'保存用户注册信息',NULL),(130,130,1,'用户登录界面',NULL),(131,131,1,'用户登录页',NULL),(132,132,1,'用户登录页2',NULL),(133,133,1,'用户登录',NULL),(134,134,1,'to激活新用户页面',NULL),(135,135,1,'商店用户激活帐号',NULL),(136,136,1,'忘记密码link页面',NULL),(137,137,1,'请求邮件重置密码',NULL),(138,138,1,'to密码重置页面',NULL),(139,139,1,'保存邮件重置密码',NULL),(140,140,1,'处理social登录成功',NULL),(141,141,1,'购物车管理',NULL),(142,142,1,'查看购物车',NULL),(143,143,1,'加入购物车',NULL),(144,144,1,'清空购物车',NULL),(145,145,1,'从购物车中删除一个产品',NULL),(146,146,1,'提交订单',NULL),(147,147,1,'用户界面',NULL),(148,148,1,'我的主页',NULL),(149,149,1,'列出通知消息',NULL),(150,150,1,'新增通知消息','程序控制数据检查'),(151,151,1,'保存通知消息','程序控制数据检查'),(152,152,1,'阅读通知消息','程序控制数据检查'),(153,153,1,'删除通知消息','程序控制数据检查'),(154,154,1,'基本信息Profile',NULL),(155,155,1,'用户基本信息查看页面',NULL),(156,156,1,'用户基本信息修改页面','数据检查，只能save自己的信息'),(157,157,1,'用户基本信息保存修改','数据检查，只能save自己的信息'),(158,158,1,'修改密码页面',NULL),(159,159,1,'保存修改密码','数据检查，只能update自己的信息'),(160,160,1,'view用户的profile',NULL),(161,161,1,'我的社交',NULL),(162,162,1,'我的公开活动','应用保证'),(163,163,1,'报名参加活动页面','应用保证'),(164,164,1,'保存参加活动信息','数据检查:活动的创办人, 或者用户自己修改。在code中校验'),(165,165,1,'编辑参加活动页面','数据检查:'),(166,166,1,'取消参加该活动','数据检查:只有自己才能取消，code中实现'),(167,167,1,'学习园地',NULL),(168,168,1,'我的课程','数据检查:程序过滤检查'),(169,169,1,'课程综合提示',NULL),(170,170,1,'view用户产品Main页面','数据检查:不需要'),(171,171,1,'view用户产品具体信息','数据检查:是否是属于用户自己的产品或者产品管理员'),(172,172,1,'课程公告列表','数据检查:检查用户是否选修了该课程'),(173,173,1,'学习主页面Page','数据检查:'),(174,174,1,'继续学习链接','数据检查:用户是否学习了该产品'),(175,175,1,'My课程学习资料页面','数据检查:程序检查是否是属于用户自己的产品'),(176,176,1,'view学习资料页面','数据检查:检查是否对product有access权利'),(177,177,1,'课程章节内容side列表','数据检查: 是否对product有权限'),(178,178,1,'下载学习资料页面','数据检查: 是否对product有权限'),(179,179,1,'标记资料学习完成','数据检查: 是否对product有权限'),(180,180,1,'进入测试练习大厅','数据检查:是否有权限access product'),(181,181,1,'开始作答练习','数据检查:是否有权限access product'),(182,182,1,'练习切换上下题','数据检查:检查exerid是否是用户的'),(183,183,1,'练习提交题目答案','数据检查:检查exerid是否是用户的'),(184,184,1,'完成提交练习','数据检查:检查exerid是否是用户的'),(185,185,1,'我的考试','数据检查:不需要，根据当前用户过滤'),(186,186,1,'进入考试大厅','数据检查:检查testid是否是用户的'),(187,187,1,'开始考试','数据检查:检查testid是否是用户的, 在class logic中检查'),(188,188,1,'考试试卷切换题型','数据检查:检查testid是否是用户的 ,应用程序class logic检查'),(189,189,1,'考试试卷提交试卷','数据检查:检查testid是否是用户的 ,应用程序class logic检查'),(190,190,1,'清除用户考试答案',NULL),(191,191,1,'用户暂停考试','数据检查:检查testid是否是用户的'),(192,192,1,'查看试卷考试结果','数据检查:检查testid是否是用户的, 本test所属的ProductManager或者ShopAdmin或ShopCreator都可以看到'),(193,193,1,'查看考卷分页切换','数据检查:检查testid是否是用户的'),(194,194,1,'进入公开考试大厅','数据检查:检查test是否是open的，由logic code处理'),(195,195,1,'参加公开考试',''),(196,196,1,'我的订单',NULL),(197,197,1,'查看订单详情','数据检查:orderid是否是用户的,或者是商店管理员,使用表达式'),(198,198,1,'编辑订单备注','数据检查:orderid是否是用户自己的'),(199,199,1,'撤销订单','数据检查:orderid是否是用户自己的'),(200,200,1,'我的商店信息',NULL),(201,201,1,'开设的商店',NULL),(202,202,1,'查看view商店(开设的商店)',NULL),(203,203,1,'查看商店状态变化(开设的商店)','该res_string在目录\"管理平台系统-客户管理系统-商店管理\"中也有. 数据检查:shopid是否是用户自己的or角色是超级用户或者数据管理员'),(204,204,1,'申请商店记录(开设的商店)',NULL),(205,205,1,'查看商店申请记录',NULL),(206,206,1,'我要开店(开设的商店)','该res_string在目录\"管理平台系统-客户管理系统-商店管理\"中也有'),(207,207,1,'保存申请店铺',NULL),(208,208,1,'删除申请店铺记录',NULL),(209,209,1,'选择加入的商店',NULL),(210,210,1,'商店首页',NULL),(211,211,1,'商店简介(viewOnly)',NULL),(212,212,1,'查看商店通知列表',NULL),(213,213,1,'查看具体商店通知',NULL),(214,214,1,'师资力量',NULL),(215,215,1,'联系地址(viewOnly)',NULL),(216,216,1,'培训课程(本商店)',NULL),(217,217,1,'推荐课程|免费课程|列出商店课程(培训课程)',NULL),(218,218,1,'商店课程目录树生成xml',NULL),(219,219,1,'商店后台管理',NULL),(220,220,1,'列出可使用产品下拉菜单',NULL),(221,221,1,'管理商店',NULL),(222,222,1,'管理商店主页面',NULL),(223,223,1,'商店管理信息台','数据检查:程序用shopid检查'),(224,224,1,'商店功能配置',NULL),(225,225,1,'订单自动审批设置','数据检查:对shop是否有管理功能'),(226,226,1,'修改订单自动审批页面','数据检查:对shop是否有管理功能'),(227,227,1,'保存订单自动审批设置','数据检查:对shop是否有管理功能'),(228,228,1,'删除订单自动审批设置','数据检查:对shop是否有管理功能'),(229,229,1,'商店设置',NULL),(230,230,1,'基本设置(view)','数据检查:商店是否是用户所在的商店'),(231,231,1,'基本设置(编辑)','在目录“管理平台系统-客户管理系统-商店管理”中也有. 数据检查:商店是否是用户所在的商店'),(232,232,1,'基本设置(保存编辑)','数据检查:商店是否是用户所在的商店'),(233,233,1,'商店简介(view)','数据检查:是否对该商店用权限'),(234,234,1,'商店简介(编辑)','数据检查:商店是否是用户所在的商店'),(235,235,1,'商店简介(保存编辑)','数据检查:商店是否是用户所在的商店'),(236,236,1,'公告管理(list)','数据检查:由程序保证'),(237,237,1,'公告管理(新增)','数据检查:shopid是否是用户所在的商店'),(238,238,1,'公告管理(编辑)','数据检查:shopid是否是用户所在的商店'),(239,239,1,'公告管理(保存编辑)','数据检查:shopid是否是用户所在的商店'),(240,240,1,'公告管理(删除)','数据检查:shopid是否是用户所在的商店'),(241,241,1,'公开活动(新增)','数据检查: 只要是商店中任何管理员都可创建活动'),(242,242,1,'公开活动(编辑)','数据检查:'),(243,243,1,'公开活动(保存编辑)','数据检查:'),(244,244,1,'公开活动(删除)','数据检查: 应该是商店管理员和产品管理员可以管理自己的'),(245,245,1,'教师介绍(view)','数据检查:暂不需要检查'),(246,246,1,'新增教师介绍','数据检查:程序处理'),(247,247,1,'教师介绍(编辑)','数据检查:shopid是否是用户所在的商店'),(248,248,1,'教师介绍(保存编辑)','数据检查:shopid是否是用户所在的商店'),(249,249,1,'教师介绍(删除)','数据检查:shopid是否是用户所在的商店'),(250,250,1,'联系信息(list)',NULL),(251,251,1,'联系信息(新增)','数据检查:shopid是否是用户所在的商店'),(252,252,1,'联系信息(编辑)','数据检查:shopid是否是用户所在的商店'),(253,253,1,'联系信息(保存编辑)','数据检查:shopid是否是用户所在的商店'),(254,254,1,'联系信息(view编辑)','数据检查:shopid是否是用户所在的商店'),(255,255,1,'联系信息(删除)','数据检查:shopid是否是用户所在的商店'),(256,256,1,'修改商店样式','数据检查:商店是否是用户所在的商店'),(257,257,1,'保存商店样式','数据检查:商店是否是用户所在的商店'),(258,258,1,'申请商店认证','数据检查:shopid是否是用户所在的商店'),(259,259,1,'保存申请商店认证','数据检查:shopid是否是用户所在的商店'),(260,260,1,'审核申请商店认证','数据检查:超级系统管理员'),(261,261,1,'订单销售',NULL),(262,262,1,'订单列表',NULL),(263,263,1,'查看管理订单','数据检查:orderid是否是该商店的'),(264,264,1,'商店审核订单页面','数据检查:orderid是否是该商店的'),(265,265,1,'填写审批意见','数据检查:orderid是否是该商店的'),(266,266,1,'审核订单','数据检查:orderid是否是该商店的'),(267,267,1,'单位人员管理',NULL),(268,268,1,'单位管理',NULL),(269,269,1,'单位列表信息','数据检查:只能查询当前shop中的dept'),(270,270,1,'新增单位信息','数据检查:不需要'),(271,271,1,'编辑单位信息','数据检查:加载user在该dept所属的shop中的权限'),(272,272,1,'保存单位信息','数据检查:加载user在该dept所属的shop中的权限'),(273,273,1,'查看单位信息','数据检查:加载user在该dept所属的shop中的权限'),(274,274,1,'删除单位信息','数据检查:加载user在该dept所属的shop中的权限'),(275,275,1,'设置商店默认单位页面','数据检查:orgbaseid是否是用户session shopid中的'),(276,276,1,'保存商店默认单位','数据检查:orgbaseid是否是用户session shopid中的'),(277,277,1,'单位树选择(右侧显示人员或单位列表)','数据检查:由程序保护'),(278,278,1,'选择单位页面','数据检查:由程序保护'),(279,279,1,'生成单位树xml','数据检查:由程序保护'),(280,280,1,'人员管理','数据检查:只能查询当前shop中的dept user'),(281,281,1,'单位人员列表','数据检查:只能查询当前shop中的dept user'),(282,282,1,'新增单位人员','数据检查:暂不需要，程序添加'),(283,283,1,'编辑单位人员','数据检查:加载user在session shopid中的权限'),(284,284,1,'用户商店中课程列表','数据检查:由程序保护'),(285,285,1,'为人员新增课程页面',NULL),(286,286,1,'列出人员角色','数据检查:由程序保护'),(287,287,1,'为人员选择新增角色','数据检查:由程序保护'),(288,288,1,'保存商店人员角色','数据检查:检查userID是否是当前shopid中的'),(289,289,1,'删除商店人员角色','数据检查:检查userID是否是当前shopid中的'),(290,290,1,'保存单位人员','数据检查:加载user在该dept所属的shop中的权限'),(291,291,1,'To导入人员页面',''),(292,292,1,'导入人员保存','数据检查:由程序保护'),(293,293,1,'删除单位人员','数据检查:暂时不检查，程序中shop用的是session中的'),(294,294,1,'查看单位人员','数据检查:检查userID是否是当前shopid中的'),(295,295,1,'转移单位人员','数据检查:程序中检查'),(296,296,1,'新增产品人员到商店','数据检查:程序中检查'),(297,297,1,'多种方式选择人员Main',NULL),(298,298,1,'选择单位人员Main','数据检查:由程序保护'),(299,299,1,'选择单位人员','数据检查:由程序保证只查询当前session shop中的user'),(300,300,1,'根据产品选择人员','数据检查:检查productid是否是用户有权限的'),(301,301,1,'更改商店用户备注','数据检查:用户是否在该shop中是admin角色'),(302,302,1,'人员课程管理','数据检查:由程序保护'),(303,303,1,'人员课程编辑主页面','数据检查:是否对该产品有权限'),(304,304,1,'编辑用户课程','数据检查:是否对该产品有权限'),(305,305,1,'保存用户课程','数据检查:是否对该产品有权限'),(306,306,1,'删除用户课程','数据检查:是否对该产品有权限'),(307,307,1,'新增课程人员页面','数据检查:是否对该产品有权限'),(308,308,1,'保存课程人员页面','数据检查:是否对该产品有权限'),(309,309,1,'学习到期课程列表','数据检查:程序保证'),(310,310,1,'课程到期人员列表','数据检查:程序保证查询本shop'),(311,311,1,'用户课程状态记录','数据检查:程序保证查询本shop'),(312,312,1,'管理学习系统',NULL),(313,313,1,'学习系统信息台','数据检查:检查userID是否是当前shopid中的'),(314,314,1,'学习系统左侧菜单',NULL),(315,315,1,'课程设置',NULL),(316,316,1,'我管理课程',NULL),(317,317,1,'全部课程页面',NULL),(318,318,1,'课程目录树管理页面','数据检查:程序保护'),(319,319,1,'选择产品目录页面',NULL),(320,320,1,'保存商店课程目录','数据检查:程序保护'),(321,321,1,'删除商店课程目录','数据检查:程序保护'),(322,322,1,'商店产品列表页面','数据检查:程序保护'),(323,323,1,'新增产品页面','数据检查:程序保证shopid是session中的'),(324,324,1,'编辑产品页面','数据检查:检查productid是否是用户有权限的'),(325,325,1,'保存产品','数据检查:检查productid是否是用户有权限的'),(326,326,1,'查看产品','数据检查:检查用户对product是否有权管理的access权限'),(327,327,1,'删除产品','数据检查:检查productid是否是用户有权限的'),(328,328,1,'产品详细信息查看编辑页面','数据检查:检查productid是否是用户有权限的'),(329,329,1,'产品详细信息编辑页面','数据检查:检查productid是否是用户有权限的'),(330,330,1,'保存产品详细信息','数据检查:检查productid是否是用户有权限的'),(331,331,1,'课程章节管理',NULL),(332,332,1,'课程章节主页面',NULL),(333,333,1,'课程章节树侧页面','暂时没有数据检查，课程category tree大部分应该是公开的'),(334,334,1,'生成课程章节树','暂时没有数据检查，课程category tree大部分应该是公开的'),(335,335,1,'课程章节管理列表','数据检查: 是否对product有权限'),(336,336,1,'选择课程章节列表','数据检查: 是否对product有权限'),(337,337,1,'新增课程章节页面','数据检查: 是否对product有权限'),(338,338,1,'修改课程章节页面','数据检查:检查productid是否是用户有权限的'),(339,339,1,'保存课程章节','数据检查:检查productid是否是用户有权限的'),(340,340,1,'删除课程章节','数据检查:检查productid是否是用户有权限的'),(341,341,1,'选择课程章节树页面','数据检查:检查productid是否是用户有权限的'),(342,342,1,'查看课程学员','数据检查:检查用户是否有权限管理产品'),(343,343,1,'查看课程管理员','数据检查:程序保护'),(344,344,1,'课程公告管理',NULL),(345,345,1,'课程公告列表管理',NULL),(346,346,1,'新增课程公告',NULL),(347,347,1,'编辑课程公告',NULL),(348,348,1,'保存课程公告',NULL),(349,349,1,'删除课程公告',NULL),(350,350,1,'试卷管理',NULL),(351,351,1,'试卷列表','数据检查:由程序保证'),(352,352,1,'新增试卷页面','数据检查:检查productid是否是用户有权限的'),(353,353,1,'生成保存试卷','数据检查:检查productid是否是用户有权限的'),(354,354,1,'从文件导入试卷页面','数据检查:只是新增页面，不做保护'),(355,355,1,'从文件导入试卷','数据检查:检查productid是否是用户有权限的'),(356,356,1,'编辑修改试卷','数据检查:检查用户对paper是否有权限'),(357,357,1,'保存修改的试卷属性','数据检查:检查productid是否是用户有权限的'),(358,358,1,'查看view试卷','数据检查:检查productid是否是用户有权限的'),(359,359,1,'试卷新增选择题型','数据检查:检查是否对Paper有权限'),(360,360,1,'试卷修改题型','数据检查:检查是否对Paper有权限'),(361,361,1,'试卷保存修改题型','数据检查:检查paper是否是用户有权限的'),(362,362,1,'删除试卷题型','数据检查:检查productid是否是用户有权限的'),(363,363,1,'新增试卷选择题目','数据检查:检查对paper是否有权限'),(364,364,1,'更换试卷题目','数据检查:检查productid是否是用户有权限的'),(365,365,1,'删除试卷题目','数据检查:检查productid是否是用户有权限的'),(366,366,1,'删除试卷','数据检查:检查productid是否是用户有权限的'),(367,367,1,'选择试卷','数据检查:由程序保护'),(368,368,1,'自测试卷','数据检查:检查用户是否和paper在同一个shop'),(369,369,1,'自测试卷切换题型','在用户界面中的，考试目录中也有'),(370,370,1,'自测试卷提交试卷','在用户界面中的，考试目录中也有'),(371,371,1,'考试管理',NULL),(372,372,1,'商店考试列表',NULL),(373,373,1,'商店需处理考试列表',NULL),(374,374,1,'新增考试','数据检查:检查productid是否是用户有权限的'),(375,375,1,'查看view考试信息','数据检查:检查testid是否是用户有权限的'),(376,376,1,'监控设置考试页面','数据检查:检查testid是否是用户有权限的'),(377,377,1,'删除考试','数据检查:检查testid是否是用户有权限的'),(378,378,1,'修改考试信息','数据检查:检查testid是否是用户有权限的'),(379,379,1,'保存新增考试信息','数据检查:检查用户是否对该产品有管理权限'),(380,380,1,'保存考试信息','数据检查:检查testid是否是用户有权限的'),(381,381,1,'考试人员列表','数据检查:检查testid是否是用户有权限的'),(382,382,1,'保存考试人员','数据检查:检查testid是否是用户有权限的'),(383,383,1,'删除考试人员','数据检查:检查testid是否是用户有权限的'),(384,384,1,'更改考试进程状态','数据检查:检查testid是否是用户有权限的'),(385,385,1,'阅卷人员列表','数据检查:检查test所属的product是否是用户有权限的'),(386,386,1,'保存阅卷人员','数据检查:检查test所属的product是否是用户有权限的'),(387,387,1,'删除阅卷人员','数据检查:检查test所属的product是否是用户有权限的'),(388,388,1,'评阅试卷',NULL),(389,389,1,'开始试卷评阅','数据检查:检查是否对test有管理权限'),(390,390,1,'进入手动阅卷页面','数据检查:检查是否对test有管理权限'),(391,391,1,'评阅单个题目页面','数据检查:检查是否对test有管理权限'),(392,392,1,'保存题目评阅结果','数据检查:检查是否对test有管理权限'),(393,393,1,'结束手动评阅试卷','数据检查:检查是否对test有管理权限'),(394,394,1,'考试结果',NULL),(395,395,1,'考试结果列表页面','数据检查:检查testid是否是用户有权限的'),(396,396,1,'练习设置',NULL),(397,397,1,'新增练习',NULL),(398,398,1,'保存新增练习','数据检查:检查用户是否对product有权限'),(399,399,1,'修改练习页面','数据检查:检查用户是否对product有权限'),(400,400,1,'新增练习题型页面','数据检查:检查用户是否对product有权限'),(401,401,1,'修改练习题型页面','数据检查:检查用户是否对product有权限'),(402,402,1,'保存练习题型修改','数据检查:检查用户是否对product有权限'),(403,403,1,'删除练习题型','数据检查:检查用户是否对product有权限'),(404,404,1,'新增练习题目','数据检查:检查用户是否对product有权限'),(405,405,1,'更换练习题目','数据检查:检查用户是否对product有权限'),(406,406,1,'删除练习题目','数据检查:检查用户是否对product有权限'),(407,407,1,'查看练习人员','数据检查:检查用户是否对product有权限'),(408,408,1,'删除练习','数据检查:检查练习id是否是用户有权限的'),(409,409,1,'测试练习(管理界面)','数据检查:检查练习id是否是用户有权限的'),(410,410,1,'测试练习题目分页(管理界面)','数据检查:由程序代码检查'),(411,411,1,'提交练习答案(管理界面)','数据检查:由程序代码检查'),(412,412,1,'学习资料',NULL),(413,413,1,'学习资料列表查询','数据检查:由程序判断检查是否对product有权限'),(414,414,1,'新增学习资料页面',NULL),(415,415,1,'保存上传文件学习资料','数据检查:检查用户是否有权操作所属的product'),(416,416,1,'修改学习资料','数据检查:检查用户是否有权操作所属的product'),(417,417,1,'删除学习资料','数据检查:检查用户是否有权管理所属的product'),(418,418,1,'打开上传文件页面','数据检查:检查用户是否有权管理所属的product'),(419,419,1,'文件上传成功回调','数据检查:检查用户是否有权管理所属的product'),(420,420,1,'删除已存在上传文件','数据检查:检查用户是否有权管理所属的product'),(421,421,1,'产品提问答疑',NULL),(422,422,1,'课程答疑列表view',NULL),(423,423,1,'课程答疑列表管理view',NULL),(424,424,1,'题库管理',NULL),(425,425,1,'题库列表','数据检查:是否对其中product有权限，程序检查'),(426,426,1,'新增题库','数据检查：无'),(427,427,1,'修改题库','数据检查:是否对其中product有权限'),(428,428,1,'保存题库','数据检查:是否对其中product有权限'),(429,429,1,'删除题库','数据检查:是否对其中product有权限'),(430,430,1,'view题库',NULL),(431,431,1,'选择题库','数据检查:是否对其中product有权限'),(432,432,1,'题库题目管理',NULL),(433,433,1,'题库题目列表','数据检查:是否对其中product有权限，程序检查'),(434,434,1,'新增题库题目页面','数据检查:不需要，在保存时检查'),(435,435,1,'编辑题库题目页面','数据检查:检查是否对题库题目所属产品有权限'),(436,436,1,'保存题库题目','数据检查:是否对其中product有权限'),(437,437,1,'删除题库题目','数据检查:是否对其中product有权限'),(438,438,1,'导入题库题目页面','数据检查:不需要，在保存时检查'),(439,439,1,'保存导入题库题目','数据检查:是否对其中product有权限'),(440,440,1,'编辑保存子题目','数据检查:是否对其中product有权限'),(441,441,1,'查看题库题目','数据检查:检查是否对题库题目所属产品有权限'),(442,442,1,'选择题库题目','数据检查:检查是否对题库所属产品有权限'),(443,443,1,'留言系统',NULL),(444,444,1,'留言列表',NULL),(445,445,1,'新增留言页面',NULL),(446,446,1,'保存留言',NULL),(447,447,1,'get单个留言',NULL),(448,448,1,'删除子系统留言','数据检查:程序检查'),(449,449,1,'删除商店留言',NULL),(450,450,1,'回复子系统留言',NULL),(451,451,1,'回复商店留言','数据检查:session shopid是否和object中的shopid相同'),(452,452,1,'回复产品留言','数据检查:session shopid是否和object中的shopid相同'),(453,453,1,'删除产品留言','数据检查:session shopid是否和object中的shopid相同'),(454,454,1,'社交类资源管理',NULL),(455,455,1,'comment列表页面','数据检查:检查用户对comment的原对象是否有get权限'),(456,456,1,'保存comment','数据检查:如果是新增，则只需对原对象有get权限.如果是edit,则只有自己可以编辑'),(457,457,1,'编辑comment','数据检查:检查用户是否是comment的作者'),(458,458,1,'回复comment','数据检查:检查用户是否是能read被comment的对象'),(459,459,1,'新增comment页面','数据检查:检查用户对comment的原对象是否有get权限'),(460,460,1,'删除comment','数据检查:检查用户是否是comment的作者或者该产品的admin'),(461,461,1,'get单个comment','数据检查:检查用户对comment的原对象是否有get权限'),(462,462,1,'oauth选择文件',''),(463,463,1,'产品评价列表',''),(464,464,1,'编辑产品评价',''),(465,465,1,'保存产品评价','应用程序自己检查'),(466,466,1,'删除产品评价',''),(467,467,1,'AjaxCall管理',NULL),(468,468,1,'engine.js',NULL),(469,469,1,'内部call',NULL),(470,470,1,'customer.js',NULL),(471,471,1,'usershop.js',NULL),(472,472,1,'userproduct.js',NULL),(473,473,1,'testuserLogic.js',NULL),(474,474,1,'orguserLogic.js',NULL),(475,475,1,'ware.js',NULL),(476,476,1,'testinfoLogic.js',NULL),(477,477,1,'testdept.js',NULL),(478,478,1,'orderproduct.js',NULL),(479,479,1,'countryregion.js',NULL),(480,480,1,'prodcateshop.js',NULL),(481,481,1,'shopcheck.js',NULL),(482,482,1,'公用功能链接',NULL),(483,483,1,'editor中上传文件url','数据检查:如果rootobjecttype是shop则查看用户对target是否有权限，如果不是shop，则需要是系统管理员'),(484,484,1,'flushCache链接','数据检查:系统管理员'),(485,485,1,'修改logo图像url','数据检查:如果rootobjecttype是shop则查看用户对target是否有权限，如果不是shop，则需要是系统管理员');

-- table role_resc
INSERT INTO role_resc(resc_id, role_id, syscode)
            VALUES (2,1,'00000002'),(3,1,'00000002'),(4,1,'00000002'),(5,1,'00000002'),(6,1,'00000002'),(7,1,'00000002'),(8,1,'00000002'),(9,1,'00000002'),(11,1,'00000002'),(12,1,'00000002'),(14,1,'00000002'),(15,1,'00000002'),(16,1,'00000002'),(17,1,'00000002'),(18,1,'00000002'),(20,1,'00000002'),(21,1,'00000002'),(22,1,'00000002'),(24,1,'00000002'),(25,1,'00000002'),(26,1,'00000002'),(27,3,'00000002'),(27,4,'00000002'),(28,3,'00000002'),(28,4,'00000002'),(29,3,'00000002'),(29,4,'00000002'),(30,3,'00000002'),(30,4,'00000002'),(31,3,'00000002'),(31,4,'00000002'),(32,3,'00000002'),(33,3,'00000002'),(33,4,'00000002'),(35,3,'00000002'),(35,4,'00000002'),(36,3,'00000002'),(36,4,'00000002'),(37,3,'00000002'),(37,4,'00000002'),(38,3,'00000002'),(38,4,'00000002'),(39,3,'00000002'),(39,4,'00000002'),(40,3,'00000002'),(40,4,'00000002'),(41,3,'00000002'),(41,4,'00000002'),(42,3,'00000002'),(42,4,'00000002'),(43,3,'00000002'),(43,4,'00000002'),(44,3,'00000002'),(44,4,'00000002'),(46,3,'00000002'),(46,4,'00000002'),(47,3,'00000002'),(47,4,'00000002'),(48,3,'00000002'),(48,4,'00000002'),(49,3,'00000002'),(49,4,'00000002'),(50,3,'00000002'),(50,4,'00000002'),(51,3,'00000002'),(51,4,'00000002'),(53,3,'00000002'),(53,4,'00000002'),(55,3,'00000002'),(55,4,'00000002'),(56,3,'00000002'),(56,4,'00000002'),(57,3,'00000002'),(57,4,'00000002'),(60,3,'00000002'),(60,4,'00000002'),(61,3,'00000002'),(61,4,'00000002'),(62,3,'00000002'),(62,4,'00000002'),(63,3,'00000002'),(63,4,'00000002'),(64,3,'00000002'),(64,4,'00000002'),(65,3,'00000002'),(65,4,'00000002'),(66,3,'00000002'),(66,4,'00000002'),(67,3,'00000002'),(67,4,'00000002'),(68,3,'00000002'),(68,4,'00000002'),(69,3,'00000002'),(69,4,'00000002'),(70,3,'00000002'),(70,4,'00000002'),(71,3,'00000002'),(71,4,'00000002'),(72,3,'00000002'),(73,3,'00000002'),(74,3,'00000002'),(75,3,'00000002'),(76,3,'00000002'),(77,3,'00000002'),(78,3,'00000002'),(79,3,'00000002'),(80,3,'00000002'),(81,3,'00000002'),(82,3,'00000002'),(83,3,'00000002'),(84,3,'00000002'),(85,3,'00000002'),(86,3,'00000002'),(87,3,'00000002'),(88,3,'00000002'),(89,3,'00000002'),(90,3,'00000002'),(91,3,'00000002'),(92,3,'00000002'),(93,3,'00000002'),(94,3,'00000002'),(95,3,'00000002'),(96,3,'00000002'),(97,3,'00000002'),(100,3,'00000002'),(101,3,'00000002'),(102,3,'00000002'),(103,3,'00000002'),(104,3,'00000002'),(105,3,'00000002'),(106,3,'00000002'),(107,3,'00000002'),(108,3,'00000002'),(109,3,'00000002'),(110,3,'00000002'),(111,3,'00000002'),(112,3,'00000002'),(113,3,'00000002'),(114,3,'00000002'),(115,3,'00000002'),(116,3,'00000002'),(117,3,'00000002'),(118,3,'00000002'),(119,3,'00000002'),(120,3,'00000002'),(121,3,'00000002'),(122,3,'00000002'),(123,3,'00000002'),(124,3,'00000002'),(125,3,'00000002'),(127,1,'00000002'),(128,1,'00000002'),(129,1,'00000002'),(130,1,'00000002'),(131,1,'00000002'),(132,1,'00000002'),(133,1,'00000002'),(134,1,'00000002'),(135,1,'00000002'),(136,1,'00000002'),(137,1,'00000002'),(138,1,'00000002'),(139,1,'00000002'),(140,1,'00000002'),(142,2,'00000002'),(143,2,'00000002'),(144,2,'00000002'),(145,2,'00000002'),(146,2,'00000002'),(148,2,'00000002'),(149,2,'00000002'),(150,2,'00000002'),(151,2,'00000002'),(152,2,'00000002'),(153,2,'00000002'),(155,2,'00000002'),(156,2,'00000002'),(157,2,'00000002'),(158,2,'00000002'),(159,2,'00000002'),(160,3,'00000002'),(160,4,'00000002'),(162,2,'00000002'),(163,2,'00000002'),(164,2,'00000002'),(165,2,'00000002'),(166,2,'00000002'),(168,2,'00000002'),(169,2,'00000002'),(170,2,'00000002'),(171,2,'00000002'),(172,2,'00000002'),(173,2,'00000002'),(174,10,'00000002'),(175,2,'00000002'),(176,10,'00000002'),(176,14,'00000002'),(177,10,'00000002'),(178,10,'00000002'),(179,10,'00000002'),(180,10,'00000002'),(181,10,'00000002'),(182,2,'00000002'),(183,2,'00000002'),(184,2,'00000002'),(185,2,'00000002'),(186,11,'00000002'),(187,2,'00000002'),(188,2,'00000002'),(189,2,'00000002'),(190,2,'00000002'),(191,2,'00000002'),(192,11,'00000002'),(192,13,'00000002'),(193,2,'00000002'),(194,2,'00000002'),(195,2,'00000002'),(196,2,'00000002'),(197,2,'00000002'),(198,2,'00000002'),(199,2,'00000002'),(201,2,'00000002'),(202,2,'00000002'),(203,3,'00000002'),(203,4,'00000002'),(203,5,'00000002'),(203,6,'00000002'),(204,2,'00000002'),(205,2,'00000002'),(206,2,'00000002'),(207,2,'00000002'),(208,2,'00000002'),(209,2,'00000002'),(210,1,'00000002'),(211,1,'00000002'),(212,1,'00000002'),(213,1,'00000002'),(214,1,'00000002'),(215,1,'00000002'),(216,1,'00000002'),(217,1,'00000002'),(218,1,'00000002'),(219,5,'00000002'),(219,6,'00000002'),(219,7,'00000002'),(219,8,'00000002'),(220,2,'00000002'),(221,5,'00000002'),(221,6,'00000002'),(221,7,'00000002'),(222,5,'00000002'),(222,6,'00000002'),(222,7,'00000002'),(223,5,'00000002'),(223,6,'00000002'),(223,7,'00000002'),(224,5,'00000002'),(224,6,'00000002'),(225,3,'00000002'),(225,5,'00000002'),(225,6,'00000002'),(226,3,'00000002'),(226,5,'00000002'),(226,6,'00000002'),(227,3,'00000002'),(227,5,'00000002'),(227,6,'00000002'),(228,3,'00000002'),(228,5,'00000002'),(228,6,'00000002'),(229,5,'00000002'),(229,6,'00000002'),(230,3,'00000002'),(230,4,'00000002'),(230,5,'00000002'),(230,6,'00000002'),(231,5,'00000002'),(231,6,'00000002'),(232,5,'00000002'),(232,6,'00000002'),(233,5,'00000002'),(233,6,'00000002'),(234,5,'00000002'),(234,6,'00000002'),(235,5,'00000002'),(235,6,'00000002'),(236,5,'00000002'),(236,6,'00000002'),(237,5,'00000002'),(237,6,'00000002'),(238,5,'00000002'),(238,6,'00000002'),(239,5,'00000002'),(239,6,'00000002'),(240,5,'00000002'),(240,6,'00000002'),(241,5,'00000002'),(241,6,'00000002'),(241,7,'00000002'),(241,8,'00000002'),(242,5,'00000002'),(242,6,'00000002'),(242,7,'00000002'),(242,8,'00000002'),(243,5,'00000002'),(243,6,'00000002'),(243,8,'00000002'),(244,5,'00000002'),(244,6,'00000002'),(244,8,'00000002'),(245,5,'00000002'),(245,6,'00000002'),(246,5,'00000002'),(246,6,'00000002'),(247,5,'00000002'),(247,6,'00000002'),(248,5,'00000002'),(248,6,'00000002'),(249,5,'00000002'),(249,6,'00000002'),(250,5,'00000002'),(250,6,'00000002'),(251,5,'00000002'),(251,6,'00000002'),(252,5,'00000002'),(252,6,'00000002'),(253,5,'00000002'),(253,6,'00000002'),(254,5,'00000002'),(254,6,'00000002'),(255,5,'00000002'),(255,6,'00000002'),(256,3,'00000002'),(256,4,'00000002'),(256,5,'00000002'),(256,6,'00000002'),(257,3,'00000002'),(257,4,'00000002'),(257,5,'00000002'),(257,6,'00000002'),(258,3,'00000002'),(258,4,'00000002'),(258,5,'00000002'),(258,6,'00000002'),(259,3,'00000002'),(259,4,'00000002'),(259,5,'00000002'),(259,6,'00000002'),(260,3,'00000002'),(260,4,'00000002'),(261,5,'00000002'),(261,6,'00000002'),(261,7,'00000002'),(262,5,'00000002'),(262,6,'00000002'),(262,7,'00000002'),(263,3,'00000002'),(263,5,'00000002'),(263,6,'00000002'),(263,7,'00000002'),(264,5,'00000002'),(264,6,'00000002'),(264,7,'00000002'),(265,5,'00000002'),(265,6,'00000002'),(265,7,'00000002'),(266,5,'00000002'),(266,6,'00000002'),(266,7,'00000002'),(267,5,'00000002'),(267,6,'00000002'),(267,7,'00000002'),(268,5,'00000002'),(268,6,'00000002'),(269,5,'00000002'),(269,6,'00000002'),(269,7,'00000002'),(270,5,'00000002'),(270,6,'00000002'),(271,5,'00000002'),(271,6,'00000002'),(272,5,'00000002'),(272,6,'00000002'),(273,5,'00000002'),(273,6,'00000002'),(273,9,'00000002'),(274,5,'00000002'),(274,6,'00000002'),(275,5,'00000002'),(275,6,'00000002'),(276,5,'00000002'),(276,6,'00000002'),(277,5,'00000002'),(277,6,'00000002'),(278,5,'00000002'),(278,6,'00000002'),(278,9,'00000002'),(279,5,'00000002'),(279,6,'00000002'),(279,9,'00000002'),(280,5,'00000002'),(280,6,'00000002'),(280,7,'00000002'),(281,5,'00000002'),(281,6,'00000002'),(281,7,'00000002'),(282,5,'00000002'),(282,6,'00000002'),(282,7,'00000002'),(283,5,'00000002'),(283,6,'00000002'),(283,7,'00000002'),(284,5,'00000002'),(284,6,'00000002'),(284,7,'00000002'),(285,5,'00000002'),(285,6,'00000002'),(285,7,'00000002'),(286,5,'00000002'),(286,6,'00000002'),(286,7,'00000002'),(287,5,'00000002'),(287,6,'00000002'),(287,7,'00000002'),(288,5,'00000002'),(288,6,'00000002'),(288,7,'00000002'),(289,5,'00000002'),(289,6,'00000002'),(289,7,'00000002'),(290,5,'00000002'),(290,6,'00000002'),(290,7,'00000002'),(291,5,'00000002'),(291,6,'00000002'),(291,7,'00000002'),(292,5,'00000002'),(292,6,'00000002'),(292,7,'00000002'),(293,5,'00000002'),(293,6,'00000002'),(293,7,'00000002'),(294,5,'00000002'),(294,6,'00000002'),(294,7,'00000002'),(294,8,'00000002'),(294,9,'00000002'),(295,5,'00000002'),(295,6,'00000002'),(295,7,'00000002'),(296,5,'00000002'),(296,6,'00000002'),(296,7,'00000002'),(296,8,'00000002'),(297,5,'00000002'),(297,6,'00000002'),(297,7,'00000002'),(297,8,'00000002'),(298,5,'00000002'),(298,6,'00000002'),(298,7,'00000002'),(298,8,'00000002'),(299,5,'00000002'),(299,6,'00000002'),(299,7,'00000002'),(299,8,'00000002'),(300,12,'00000002'),(301,5,'00000002'),(301,6,'00000002'),(301,7,'00000002'),(302,5,'00000002'),(302,6,'00000002'),(302,7,'00000002'),(303,12,'00000002'),(304,12,'00000002'),(305,12,'00000002'),(306,12,'00000002'),(307,12,'00000002'),(308,12,'00000002'),(309,2,'00000002'),(310,5,'00000002'),(310,6,'00000002'),(310,12,'00000002'),(311,2,'00000002'),(312,5,'00000002'),(312,6,'00000002'),(312,8,'00000002'),(313,5,'00000002'),(313,6,'00000002'),(313,8,'00000002'),(314,5,'00000002'),(314,6,'00000002'),(314,8,'00000002'),(315,5,'00000002'),(315,6,'00000002'),(315,8,'00000002'),(316,5,'00000002'),(316,6,'00000002'),(316,8,'00000002'),(317,5,'00000002'),(317,6,'00000002'),(318,5,'00000002'),(318,6,'00000002'),(318,8,'00000002'),(319,3,'00000002'),(319,5,'00000002'),(319,6,'00000002'),(319,8,'00000002'),(320,5,'00000002'),(320,6,'00000002'),(321,5,'00000002'),(321,6,'00000002'),(322,5,'00000002'),(322,6,'00000002'),(322,8,'00000002'),(323,5,'00000002'),(323,6,'00000002'),(324,12,'00000002'),(325,5,'00000002'),(325,6,'00000002'),(325,8,'00000002'),(326,12,'00000002'),(327,5,'00000002'),(327,6,'00000002'),(328,12,'00000002'),(329,12,'00000002'),(330,12,'00000002'),(331,5,'00000002'),(331,6,'00000002'),(331,8,'00000002'),(332,5,'00000002'),(332,6,'00000002'),(332,8,'00000002'),(333,5,'00000002'),(333,6,'00000002'),(333,8,'00000002'),(334,2,'00000002'),(335,12,'00000002'),(336,12,'00000002'),(337,12,'00000002'),(338,12,'00000002'),(339,12,'00000002'),(340,12,'00000002'),(341,10,'00000002'),(342,5,'00000002'),(342,6,'00000002'),(342,8,'00000002'),(343,5,'00000002'),(343,6,'00000002'),(343,8,'00000002'),(345,5,'00000002'),(345,6,'00000002'),(345,8,'00000002'),(346,12,'00000002'),(347,12,'00000002'),(348,12,'00000002'),(349,12,'00000002'),(351,5,'00000002'),(351,6,'00000002'),(351,8,'00000002'),(352,5,'00000002'),(352,6,'00000002'),(352,8,'00000002'),(353,12,'00000002'),(354,5,'00000002'),(354,6,'00000002'),(354,8,'00000002'),(355,12,'00000002'),(356,12,'00000002'),(357,12,'00000002'),(358,12,'00000002'),(359,12,'00000002'),(360,12,'00000002'),(361,12,'00000002'),(362,12,'00000002'),(363,12,'00000002'),(364,12,'00000002'),(365,12,'00000002'),(366,12,'00000002'),(367,5,'00000002'),(367,6,'00000002'),(367,8,'00000002'),(368,5,'00000002'),(368,6,'00000002'),(368,8,'00000002'),(372,5,'00000002'),(372,6,'00000002'),(372,8,'00000002'),(373,5,'00000002'),(373,6,'00000002'),(373,8,'00000002'),(374,5,'00000002'),(374,6,'00000002'),(374,8,'00000002'),(375,11,'00000002'),(375,13,'00000002'),(376,13,'00000002'),(377,13,'00000002'),(378,13,'00000002'),(379,12,'00000002'),(380,13,'00000002'),(381,13,'00000002'),(382,13,'00000002'),(383,13,'00000002'),(384,13,'00000002'),(385,13,'00000002'),(386,13,'00000002'),(387,13,'00000002'),(389,13,'00000002'),(390,13,'00000002'),(391,5,'00000002'),(391,6,'00000002'),(391,8,'00000002'),(392,5,'00000002'),(392,6,'00000002'),(392,8,'00000002'),(393,5,'00000002'),(393,6,'00000002'),(393,8,'00000002'),(395,5,'00000002'),(395,6,'00000002'),(395,8,'00000002'),(397,5,'00000002'),(397,6,'00000002'),(397,8,'00000002'),(398,12,'00000002'),(399,12,'00000002'),(400,12,'00000002'),(401,12,'00000002'),(402,12,'00000002'),(403,12,'00000002'),(404,12,'00000002'),(405,12,'00000002'),(406,12,'00000002'),(407,12,'00000002'),(408,12,'00000002'),(409,12,'00000002'),(410,2,'00000002'),(411,2,'00000002'),(413,5,'00000002'),(413,6,'00000002'),(413,12,'00000002'),(414,5,'00000002'),(414,6,'00000002'),(414,8,'00000002'),(415,12,'00000002'),(416,12,'00000002'),(417,5,'00000002'),(417,6,'00000002'),(417,8,'00000002'),(418,5,'00000002'),(418,6,'00000002'),(418,8,'00000002'),(419,5,'00000002'),(419,6,'00000002'),(419,8,'00000002'),(420,5,'00000002'),(420,6,'00000002'),(420,8,'00000002'),(422,2,'00000002'),(423,2,'00000002'),(424,5,'00000002'),(424,6,'00000002'),(424,8,'00000002'),(425,5,'00000002'),(425,6,'00000002'),(425,8,'00000002'),(426,5,'00000002'),(426,6,'00000002'),(426,10,'00000002'),(427,12,'00000002'),(428,12,'00000002'),(429,12,'00000002'),(430,12,'00000002'),(431,12,'00000002'),(432,5,'00000002'),(432,6,'00000002'),(432,8,'00000002'),(433,5,'00000002'),(433,6,'00000002'),(433,8,'00000002'),(434,5,'00000002'),(434,6,'00000002'),(434,10,'00000002'),(435,12,'00000002'),(436,12,'00000002'),(437,12,'00000002'),(438,5,'00000002'),(438,6,'00000002'),(438,8,'00000002'),(439,12,'00000002'),(440,12,'00000002'),(441,12,'00000002'),(442,12,'00000002'),(444,1,'00000002'),(445,2,'00000002'),(446,2,'00000002'),(447,2,'00000002'),(448,2,'00000002'),(449,5,'00000002'),(449,6,'00000002'),(449,8,'00000002'),(450,3,'00000002'),(450,4,'00000002'),(451,5,'00000002'),(451,6,'00000002'),(452,12,'00000002'),(453,12,'00000002'),(454,2,'00000002'),(455,2,'00000002'),(456,10,'00000002'),(457,2,'00000002'),(458,10,'00000002'),(459,10,'00000002'),(460,10,'00000002'),(461,10,'00000002'),(462,5,'00000002'),(462,6,'00000002'),(462,8,'00000002'),(463,1,'00000002'),(464,2,'00000002'),(465,2,'00000002'),(466,2,'00000002'),(468,1,'00000002'),(469,1,'00000002'),(470,1,'00000002'),(471,2,'00000002'),(472,2,'00000002'),(473,2,'00000002'),(474,5,'00000002'),(474,6,'00000002'),(474,8,'00000002'),(475,5,'00000002'),(475,6,'00000002'),(475,8,'00000002'),(476,5,'00000002'),(476,6,'00000002'),(476,8,'00000002'),(477,5,'00000002'),(477,6,'00000002'),(477,8,'00000002'),(478,2,'00000002'),(479,1,'00000002'),(480,1,'00000002'),(481,1,'00000002'),(483,2,'00000002'),(484,3,'00000002'),(485,2,'00000002');

